sha256,class_label,split,relative_path,source,source_id,source_url,origin_url,license,license_url,attribution,format,width,height,file_size_bytes,retrieved_at
099ceb371de182674ab37e34a3a6d0e978ed098e71592169711f69ee0825e5d6,bird,train,images/train/bird/099ceb371de182674ab37e34a3a6d0e978ed098e71592169711f69ee0825e5d6.jpg,openverse,9d5af904-3dbf-4cc6-afe1-4a844b00b711,https://www.flickr.com/photos/48503330@N08/15521859014,https://live.staticflickr.com/7566/15521859014_9b9cbc7aa4_b.jpg,CC-BY-SA-2.0,https://creativecommons.org/licenses/by-sa/2.0/,"""Birds-eye View"" by Kurayba is licensed under CC BY-SA 2.0. To view a copy of this license, visit https://creativecommons.org/licenses/by-sa/2.0/.",JPEG,1024,769,148168,2026-08-18 12:44:33.832172+00:00
1e3574e776a520d27985b6602fe73aed04c194b79ac5872c9bd4471ad3066dc2,bird,train,images/train/bird/1e3574e776a520d27985b6602fe73aed04c194b79ac5872c9bd4471ad3066dc2.jpg,openverse,8e87448b-bff4-4b47-9aae-17ef5594bfe8,https://www.flickr.com/photos/51149373@N08/52164328123,https://live.staticflickr.com/65535/52164328123_3b831285e3_b.jpg,PDM-1.0,https://creativecommons.org/publicdomain/mark/1.0/,"""Birds"" by fromfarbeyond is marked with Public Domain Mark 1.0. To view the terms, visit https://creativecommons.org/publicdomain/mark/1.0/.",JPEG,1024,1024,330282,2026-08-18 12:44:34.835917+00:00
1e486b4f9bb73a04d10beb727f3c70d3aaf740903de1204fd25e64f2f8320e02,bird,train,images/train/bird/1e486b4f9bb73a04d10beb727f3c70d3aaf740903de1204fd25e64f2f8320e02.jpg,openverse,6d9d3598-92be-4586-accc-ac35f4e830aa,https://www.flickr.com/photos/64607715@N05/51750242806,https://live.staticflickr.com/65535/51750242806_77c5468e08_b.jpg,CC-BY-SA-2.0,https://creativecommons.org/licenses/by-sa/2.0/,"""Yellow Weaver Bird, Sth Sudan"" by Rod Waddington is licensed under CC BY-SA 2.0. To view a copy of this license, visit https://creativecommons.org/licenses/by-sa/2.0/.",JPEG,1024,683,220755,2026-08-18 12:44:34.340411+00:00
2714ffbdf03e9a84d3eedb1522a56e4ecab297ba773a4b8ed3956d2ef7a957c2,bird,train,images/train/bird/2714ffbdf03e9a84d3eedb1522a56e4ecab297ba773a4b8ed3956d2ef7a957c2.jpg,openverse,2c112cce-2151-4c66-afe7-4ef61bc128bc,https://www.flickr.com/photos/189561381@N07/52291890140,https://live.staticflickr.com/65535/52291890140_3acd840ed1_b.jpg,CC-BY-2.0,https://creativecommons.org/licenses/by/2.0/,"""Taxidermied Bird #7"" by claralieu is licensed under CC BY 2.0. To view a copy of this license, visit https://creativecommons.org/licenses/by/2.0/.",JPEG,667,1024,153115,2026-08-18 12:44:34.835864+00:00
28148805e91bcf9cf1adf8be26b738320d4327ebe744fbeb092fadb6b58a2d41,bird,train,images/train/bird/28148805e91bcf9cf1adf8be26b738320d4327ebe744fbeb092fadb6b58a2d41.jpg,openverse,957543d5-98a6-4723-b978-1881f960c6b8,https://www.flickr.com/photos/64607715@N05/27225566554,https://live.staticflickr.com/7666/27225566554_d774a7bd69_b.jpg,CC-BY-SA-2.0,https://creativecommons.org/licenses/by-sa/2.0/,"""Mouse Bird, Uganda"" by Rod Waddington is licensed under CC BY-SA 2.0. To view a copy of this license, visit https://creativecommons.org/licenses/by-sa/2.0/.",JPEG,714,1024,93608,2026-08-18 12:44:34.340391+00:00
299cf67804827b200c7e72a49d7282c7a427678dfec7f8df4f88f25e525b521e,bird,train,images/train/bird/299cf67804827b200c7e72a49d7282c7a427678dfec7f8df4f88f25e525b521e.jpg,openverse,94fb3d30-7826-45ef-b88a-4db2856ac354,https://www.flickr.com/photos/87249144@N08/52387378789,https://live.staticflickr.com/65535/52387378789_9be2caf682_b.jpg,CC-BY-2.0,https://creativecommons.org/licenses/by/2.0/,"""b357 Bird watching"" by FolsomNatural is licensed under CC BY 2.0. To view a copy of this license, visit https://creativecommons.org/licenses/by/2.0/.",JPEG,1024,825,139110,2026-08-18 12:44:35.831877+00:00
2abbd8dd01315fab47f220eb1026e07dca40cfcba2a8b7462dc7e63fa77fbc8a,bird,train,images/train/bird/2abbd8dd01315fab47f220eb1026e07dca40cfcba2a8b7462dc7e63fa77fbc8a.jpg,openverse,7dc402c6-77b9-45d0-98a1-de0a63e449d8,https://www.flickr.com/photos/99058495@N00/52280964720,https://live.staticflickr.com/65535/52280964720_ab94c24a68_b.jpg,CC-BY-SA-2.0,https://creativecommons.org/licenses/by-sa/2.0/,"""windows and birds"" by Mario A. P. is licensed under CC BY-SA 2.0. To view a copy of this license, visit https://creativecommons.org/licenses/by-sa/2.0/.",JPEG,1024,683,78856,2026-08-18 12:44:35.831854+00:00
30acca30dad81728b683235e69b3bfdbe7425fca27e315fe8b2788df55d2265a,bird,train,images/train/bird/30acca30dad81728b683235e69b3bfdbe7425fca27e315fe8b2788df55d2265a.jpg,openverse,b0b8e794-63fb-410c-84cc-de899d932a1f,https://www.flickr.com/photos/44124348109@N01/51317335477,https://live.staticflickr.com/65535/51317335477_877d2b3ff7_b.jpg,CC-BY-2.0,https://creativecommons.org/licenses/by/2.0/,"""Big Bird"" by jurvetson is licensed under CC BY 2.0. To view a copy of this license, visit https://creativecommons.org/licenses/by/2.0/.",JPEG,1024,736,188714,2026-08-18 12:44:34.340365+00:00
34c880cb414e702bfff17f26b1fa105437172b370ab21ab15534ea5532f7328b,bird,train,images/train/bird/34c880cb414e702bfff17f26b1fa105437172b370ab21ab15534ea5532f7328b.jpg,openverse,fba5bbd7-10be-43ff-ac18-1ef7709226c7,https://www.flickr.com/photos/153584064@N07/51927714758,https://live.staticflickr.com/65535/51927714758_3d587eb4cf_b.jpg,CC-BY-2.0,https://creativecommons.org/licenses/by/2.0/,"""Two Birds, One with Very Long Tailfeathers, and Blue Butterfly (1745) print in high resolution by George Edwards. Original from The National Gallery of Art. Digitally enhanced by rawpixel."" by Free Public Domain Illustrations by rawpixel is licensed under CC BY 2.0. To view a copy of this license, visit https://creativecommons.org/licenses/by/2.0/.",JPEG,819,1024,189809,2026-08-18 12:44:34.835886+00:00
3c9adf50dcf17b4b2e8ff51e6f2f6da3505035f53f8a3c82542832051a243135,bird,train,images/train/bird/3c9adf50dcf17b4b2e8ff51e6f2f6da3505035f53f8a3c82542832051a243135.jpg,openverse,362783b4-7400-4610-ad42-417faf8b4dad,https://www.flickr.com/photos/87249144@N08/52014344533,https://live.staticflickr.com/65535/52014344533_78ce0bdf0a_b.jpg,CC-BY-2.0,https://creativecommons.org/licenses/by/2.0/,"""B223 Birding"" by FolsomNatural is licensed under CC BY 2.0. To view a copy of this license, visit https://creativecommons.org/licenses/by/2.0/.",JPEG,1024,865,108713,2026-08-18 12:44:35.831872+00:00
3f755fca28bbc9689707143b4d58849765a5ae3ccec1636bb192c13aa06b091e,bird,train,images/train/bird/3f755fca28bbc9689707143b4d58849765a5ae3ccec1636bb192c13aa06b091e.jpg,openverse,bcbc3982-c24f-454d-b24a-a91f42116d81,https://www.flickr.com/photos/95163690@N07/51645234577,https://live.staticflickr.com/65535/51645234577_d7a26bc35d_b.jpg,CC-BY-2.0,https://creativecommons.org/licenses/by/2.0/,"""Early bird"" by Rikky_Satin is licensed under CC BY 2.0. To view a copy of this license, visit https://creativecommons.org/licenses/by/2.0/.",JPEG,820,1024,208314,2026-08-18 12:44:33.832186+00:00
40e9161ded3db275b65dc5f42d13cc302698ad7b47599f340a8e48a4b012e050,bird,train,images/train/bird/40e9161ded3db275b65dc5f42d13cc302698ad7b47599f340a8e48a4b012e050.jpg,openverse,670a9244-aacf-483f-98e9-0630933f0820,https://www.flickr.com/photos/153584064@N07/51927563869,https://live.staticflickr.com/65535/51927563869_4dfd41d39a_b.jpg,CC-BY-2.0,https://creativecommons.org/licenses/by/2.0/,"""Two birds, including a red-green parrot (ca. 1720–1792) painting in high resolution by Aert Schouman. Original from the Rijksmuseum. Digitally enhanced by rawpixel."" by Free Public Domain Illustrations by rawpixel is licensed under CC BY 2.0. To view a copy of this license, visit https://creativecommons.org/licenses/by/2.0/.",JPEG,718,1024,151955,2026-08-18 12:44:34.340396+00:00
44fd4eda0ec062cc5d382737f9eacdb851809914016ded28a06e2e27b2962b02,bird,train,images/train/bird/44fd4eda0ec062cc5d382737f9eacdb851809914016ded28a06e2e27b2962b02.jpg,openverse,a3eae3ad-c0fc-4d39-9b54-25c5395f666b,https://www.flickr.com/photos/87249144@N08/51896176669,https://live.staticflickr.com/65535/51896176669_b94cc21af7_b.jpg,CC-BY-2.0,https://creativecommons.org/licenses/by/2.0/,"""B786 Birding"" by FolsomNatural is licensed under CC BY 2.0. To view a copy of this license, visit https://creativecommons.org/licenses/by/2.0/.",JPEG,1024,851,223409,2026-08-18 12:44:34.835904+00:00
4d0b818fc8c14316873d3b74e876eab08672e569c1193a63127870a3441772c6,bird,train,images/train/bird/4d0b818fc8c14316873d3b74e876eab08672e569c1193a63127870a3441772c6.jpg,openverse,3e2106a1-cbde-4dab-85ab-2b66ef9485b7,https://www.flickr.com/photos/12070225@N03/52093717693,https://live.staticflickr.com/65535/52093717693_a660a59c4d_b.jpg,CC-BY-SA-2.0,https://creativecommons.org/licenses/by-sa/2.0/,"""Canary Bird"" by judy dean is licensed under CC BY-SA 2.0. To view a copy of this license, visit https://creativecommons.org/licenses/by-sa/2.0/.",JPEG,683,1024,217661,2026-08-18 12:44:35.333747+00:00
4e2e0a68be1b7d9fbdedd3d8724622b375ebaaf6aacc0825e7c244263b3167a3,bird,train,images/train/bird/4e2e0a68be1b7d9fbdedd3d8724622b375ebaaf6aacc0825e7c244263b3167a3.jpg,openverse,0c9f9129-92d5-4341-946d-a28970eceee5,https://www.flickr.com/photos/54423233@N05/16355659094,https://live.staticflickr.com/8718/16355659094_79c87921c4_b.jpg,CC-BY-2.0,https://creativecommons.org/licenses/by/2.0/,"""Bird on Netting"" by Matthew Murdoch is licensed under CC BY 2.0. To view a copy of this license, visit https://creativecommons.org/licenses/by/2.0/.",JPEG,1024,683,375373,2026-08-18 12:44:35.333702+00:00
54769b8a8cf2d309ec94ddfd387c660f472680775283bce2bb783763b738b562,bird,train,images/train/bird/54769b8a8cf2d309ec94ddfd387c660f472680775283bce2bb783763b738b562.jpg,openverse,f76f3f7b-8e4a-4da0-bd19-365f8ca8ae82,https://www.flickr.com/photos/23501684@N00/52469741389,https://live.staticflickr.com/65535/52469741389_ac2d3d73f8_b.jpg,CC-BY-2.0,https://creativecommons.org/licenses/by/2.0/,"""Alebrije 3 Bird 3"" by Bill Ward's Brickpile is licensed under CC BY 2.0. To view a copy of this license, visit https://creativecommons.org/licenses/by/2.0/.",JPEG,1024,794,214034,2026-08-18 12:44:34.340376+00:00
5c2f7da8c6bd0f32ba2daa6b9c2290761649247f6fbe283792530397b4944a0b,bird,train,images/train/bird/5c2f7da8c6bd0f32ba2daa6b9c2290761649247f6fbe283792530397b4944a0b.jpg,openverse,991eaefb-4d1b-4020-9dbf-f5cef408a9d0,https://www.flickr.com/photos/115357548@N08/51332472761,https://live.staticflickr.com/65535/51332472761_505bd4f0d3_b.jpg,PDM-1.0,https://creativecommons.org/publicdomain/mark/1.0/,"""Bird of Prey"" by Joshua Tree National Park is marked with Public Domain Mark 1.0. To view the terms, visit https://creativecommons.org/publicdomain/mark/1.0/.",JPEG,1024,683,240032,2026-08-18 12:44:34.835837+00:00
604ddaaf7a327e6dfc1de1fad900b688f2af010590abbf037fc261be31474fbc,bird,train,images/train/bird/604ddaaf7a327e6dfc1de1fad900b688f2af010590abbf037fc261be31474fbc.jpg,openverse,c3a657cb-730f-4f4d-bc8c-a317d8bc7ce8,https://www.flickr.com/photos/153584064@N07/51928257660,https://live.staticflickr.com/65535/51928257660_78d784b97f_b.jpg,CC-BY-2.0,https://creativecommons.org/licenses/by/2.0/,"""A natural history of uncommon birds (1743–1751) print in high resolution by George Edwards. Original from The Beinecke Rare Book & Manuscript Library. Digitally enhanced by rawpixel."" by Free Public Domain Illustrations by rawpixel is licensed under CC BY 2.0. To view a copy of this license, visit https://creativecommons.org/licenses/by/2.0/.",JPEG,819,1024,179644,2026-08-18 12:44:35.831895+00:00
6316998035849b663e850e3bde97fb71c62c5b08c465270b1183bc7ba0aeecf1,bird,train,images/train/bird/6316998035849b663e850e3bde97fb71c62c5b08c465270b1183bc7ba0aeecf1.jpg,openverse,17d87c3d-c1a1-45a0-9dd8-f40d64102c96,https://www.flickr.com/photos/153584064@N07/51928257520,https://live.staticflickr.com/65535/51928257520_967f38c8f6_b.jpg,CC-BY-2.0,https://creativecommons.org/licenses/by/2.0/,"""Bird Study painting in high resolution by George Edwards (1694-1773). Original from The Cleveland Museum of Art. Digitally enhanced by rawpixel."" by Free Public Domain Illustrations by rawpixel is licensed under CC BY 2.0. To view a copy of this license, visit https://creativecommons.org/licenses/by/2.0/.",JPEG,754,1024,218610,2026-08-18 12:44:35.333706+00:00
63f3fbe88f31990439dd69cc059324b09593349cead863bc44680ea9ee842856,bird,train,images/train/bird/63f3fbe88f31990439dd69cc059324b09593349cead863bc44680ea9ee842856.jpg,openverse,5559911d-0716-4c41-9a8d-bb4cfa53086b,https://www.flickr.com/photos/106602675@N05/52045536700,https://live.staticflickr.com/65535/52045536700_0afd62c5c6.jpg,PDM-1.0,https://creativecommons.org/publicdomain/mark/1.0/,"""One of our semi-regular Piping Plover breeding birds, has returned to South Point"" by CapeHatterasNPS is marked with Public Domain Mark 1.0. To view the terms, visit https://creativecommons.org/publicdomain/mark/1.0/.",JPEG,470,500,48765,2026-08-18 12:44:33.832163+00:00
6a8da4b3b29db683dc95cb9c60f67af800844bbc1cc76080c1205abe97a21361,bird,train,images/train/bird/6a8da4b3b29db683dc95cb9c60f67af800844bbc1cc76080c1205abe97a21361.jpg,openverse,54c11f4e-d8b5-4a47-a080-0b4123972e13,https://www.flickr.com/photos/66956608@N06/54475450527,https://live.staticflickr.com/65535/54475450527_77b4d740cd_b.jpg,CC-BY-2.0,https://creativecommons.org/licenses/by/2.0/,"""Celebrate National Go Birding Day this weekend!"" by Flickr is licensed under CC BY 2.0. To view a copy of this license, visit https://creativecommons.org/licenses/by/2.0/.",JPEG,1024,1024,115362,2026-08-18 12:44:33.832213+00:00
6af957bee3aae0c9130a830fb42480ae1c744bc2caad33c439775db3cdd0e414,bird,train,images/train/bird/6af957bee3aae0c9130a830fb42480ae1c744bc2caad33c439775db3cdd0e414.jpg,openverse,20c25a23-8157-477b-aea8-56e77ff4223d,https://www.flickr.com/photos/189561381@N07/51953237174,https://live.staticflickr.com/65535/51953237174_1944373d61_b.jpg,CC-BY-2.0,https://creativecommons.org/licenses/by/2.0/,"""Backyard Birds #20"" by claralieu is licensed under CC BY 2.0. To view a copy of this license, visit https://creativecommons.org/licenses/by/2.0/.",JPEG,683,1024,306355,2026-08-18 12:44:35.333682+00:00
71e2de45801c3a1490fa187ee44cd069ea5c20fcde08083f32e5abe2547cbbc1,bird,train,images/train/bird/71e2de45801c3a1490fa187ee44cd069ea5c20fcde08083f32e5abe2547cbbc1.jpg,openverse,cb8ed583-b565-413c-ae1b-b052f841de2b,https://www.flickr.com/photos/14663195@N02/52373894125,https://live.staticflickr.com/65535/52373894125_58c04ab1dc_b.jpg,CC-BY-2.0,https://creativecommons.org/licenses/by/2.0/,"""Wattle Bird chick pic 2"" by alden0249 is licensed under CC BY 2.0. To view a copy of this license, visit https://creativecommons.org/licenses/by/2.0/.",JPEG,1024,683,213627,2026-08-18 12:44:34.835842+00:00
744bdf0c8821166b0e4e152e57adadf25375952130dc888c18181cec8b700fdf,bird,train,images/train/bird/744bdf0c8821166b0e4e152e57adadf25375952130dc888c18181cec8b700fdf.jpg,openverse,842930da-db62-4266-af22-16ebc2bbb950,https://www.flickr.com/photos/7876549@N07/51614919157,https://live.staticflickr.com/65535/51614919157_22179f8be9_b.jpg,CC-BY-2.0,https://creativecommons.org/licenses/by/2.0/,"""Richmond Bird Wing Butterfly"" by Marcus Grbac is licensed under CC BY 2.0. To view a copy of this license, visit https://creativecommons.org/licenses/by/2.0/.",JPEG,768,1024,364585,2026-08-18 12:44:34.340341+00:00
7f5e1f845eb1234609d3a793f0b9dbe43cfc833a48e1499d538a27ab25208181,bird,train,images/train/bird/7f5e1f845eb1234609d3a793f0b9dbe43cfc833a48e1499d538a27ab25208181.png,wikimedia_commons,https://commons.wikimedia.org/wiki/File:Bird_Diversity_2011.png,https://commons.wikimedia.org/wiki/File:Bird_Diversity_2011.png,https://upload.wikimedia.org/wikipedia/commons/d/d2/Bird_Diversity_2011.png?utm_source=commons.wikimedia.org&utm_campaign=index&utm_content=original,CC-BY-SA-3.0,https://creativecommons.org/licenses/by-sa/3.0/deed.en,"Southern_cassowary.jpg : Frank Wouters of Antwerp, Belgium Head_Peacock.jpg : http://commons.wikimedia.org/wiki/User:Jkather King_Penguin's_Toboggan_in_Asahiyama_Zoo.jpg : 青子守歌 Kiwi_hg.jpg : Hannes Grobe Opisthocomus_hoazin.jpg : Linda De Volder Ostrich_Ngorongoro_04.jpg : Nicor Colca-condor-c03.jpg : http://commons.wikimedia.org/wiki/User:File_Upload_Bot_(Colegota) BroadbilledHummingbird.jpg : www.naturespicsonline.com Mute_Swan_Osaka.jpg : Kuribo ( talk ) Owl_eyes.jpg : Brocken Inaglory Lightm",PNG,529,785,784368,2026-08-18 12:45:08.437311+00:00
865902552134b96b7dcc1885d2d1929438fc04a97476f236319649cac3e19778,bird,train,images/train/bird/865902552134b96b7dcc1885d2d1929438fc04a97476f236319649cac3e19778.png,wikimedia_commons,https://commons.wikimedia.org/wiki/File:Bird_Diversity_2013.png,https://commons.wikimedia.org/wiki/File:Bird_Diversity_2013.png,https://upload.wikimedia.org/wikipedia/commons/b/bf/Bird_Diversity_2013.png?utm_source=commons.wikimedia.org&utm_campaign=index&utm_content=original,CC-BY-SA-3.0,https://creativecommons.org/licenses/by-sa/3.0/deed.en,Concerto,PNG,999,1392,2511984,2026-08-18 12:45:07.917132+00:00
8bded4a6625ca272c37da1399207c020c3f10d9cda5555d941899bd1106de546,bird,train,images/train/bird/8bded4a6625ca272c37da1399207c020c3f10d9cda5555d941899bd1106de546.jpg,openverse,fb39b58b-8931-4c1e-91e1-a0fb7d49fdb3,https://www.flickr.com/photos/165056554@N04/42041348224,https://live.staticflickr.com/1741/42041348224_2421a7ee0f.jpg,CC-BY-2.0,https://creativecommons.org/licenses/by/2.0/,"""bird on gate"" by jessdone8 is licensed under CC BY 2.0. To view a copy of this license, visit https://creativecommons.org/licenses/by/2.0/.",JPEG,500,158,32062,2026-08-18 12:44:34.835868+00:00
9308e267673c9df8a106b83e3a5ae53e12a8ee600e1853ac25c4654af83a1b9a,bird,train,images/train/bird/9308e267673c9df8a106b83e3a5ae53e12a8ee600e1853ac25c4654af83a1b9a.jpg,openverse,f948870c-231d-42f3-8940-13a8905dae52,https://www.flickr.com/photos/87249144@N08/52519166317,https://live.staticflickr.com/65535/52519166317_dd940f5a85_b.jpg,CC-BY-2.0,https://creativecommons.org/licenses/by/2.0/,"""ab766 Birding in Folsom"" by FolsomNatural is licensed under CC BY 2.0. To view a copy of this license, visit https://creativecommons.org/licenses/by/2.0/.",JPEG,1024,915,186598,2026-08-18 12:44:33.832191+00:00
94197ee5675291fede5026d30b421e4bcd70098db0885ddba842ee777b989713,bird,train,images/train/bird/94197ee5675291fede5026d30b421e4bcd70098db0885ddba842ee777b989713.jpg,openverse,216cde67-b02a-4a27-9ea9-1bf41de0c745,https://www.flickr.com/photos/30346812@N07/51328147962,https://live.staticflickr.com/65535/51328147962_f804cac3e3_b.jpg,CC-BY-2.0,https://creativecommons.org/licenses/by/2.0/,"""Russell Knott congratulates quick draw champ Dee Woolem at the Bird Cage Theatre, Knott's Berry Farm, 1957"" by Orange County Archives is licensed under CC BY 2.0. To view a copy of this license, visit https://creativecommons.org/licenses/by/2.0/.",JPEG,1024,790,180647,2026-08-18 12:44:34.340381+00:00
95dc835bb102626f5e33b8867e46dfe50cbd7aa42ab10f36ce2057b4764dfe86,bird,train,images/train/bird/95dc835bb102626f5e33b8867e46dfe50cbd7aa42ab10f36ce2057b4764dfe86.jpg,openverse,c0e93087-0d36-4f9a-91d7-e2288743b408,https://www.flickr.com/photos/44636446@N04/51987004621,https://live.staticflickr.com/65535/51987004621_3d5c7902cc_b.jpg,PDM-1.0,https://creativecommons.org/publicdomain/mark/1.0/,"""BIRD OF THUNDER BY LEO ZABALA"" by U.S. Department of Veterans Affairs is marked with Public Domain Mark 1.0. To view the terms, visit https://creativecommons.org/publicdomain/mark/1.0/.",JPEG,734,1024,122218,2026-08-18 12:44:33.832181+00:00
98f60bb56e238bc6f3ecc1022b6a52c635f4698d8a8bba1ae7005a102139d022,bird,train,images/train/bird/98f60bb56e238bc6f3ecc1022b6a52c635f4698d8a8bba1ae7005a102139d022.jpg,openverse,adca0c08-93cf-4652-bb65-46a4158f5bdd,https://www.flickr.com/photos/124790945@N06/48017806596,https://live.staticflickr.com/65535/48017806596_720ec7e0b9_b.jpg,CC-BY-2.0,https://creativecommons.org/licenses/by/2.0/,"""Myna (Common myna) bird on the tree, Thailand"" by Phuketian.S is licensed under CC BY 2.0. To view a copy of this license, visit https://creativecommons.org/licenses/by/2.0/.",JPEG,1024,683,138873,2026-08-18 12:44:34.340331+00:00
a0023689be8292cceac3a3522b411a04f8254c08e67c9e719a8bd1d0cff3b532,bird,train,images/train/bird/a0023689be8292cceac3a3522b411a04f8254c08e67c9e719a8bd1d0cff3b532.jpg,openverse,2ed07269-085f-4be4-96cf-d5ddb6ac7308,https://www.flickr.com/photos/56218409@N03/51498576594,https://live.staticflickr.com/65535/51498576594_c3c4b4522e_b.jpg,CC-BY-2.0,https://creativecommons.org/licenses/by/2.0/,"""Campeche Bird"" by matthias.ripp is licensed under CC BY 2.0. To view a copy of this license, visit https://creativecommons.org/licenses/by/2.0/.",JPEG,1024,700,150267,2026-08-18 12:44:35.333727+00:00
a7cd3803ec0a9994e45dae28e24caf3a80cdb94b02231e08f6f8b5a8f81e0991,bird,train,images/train/bird/a7cd3803ec0a9994e45dae28e24caf3a80cdb94b02231e08f6f8b5a8f81e0991.jpg,openverse,24de4750-071c-4ad6-99b3-9354b4f6561e,https://www.flickr.com/photos/45409431@N00/51711427425,https://live.staticflickr.com/65535/51711427425_52270801ef_b.jpg,CC-BY-2.0,https://creativecommons.org/licenses/by/2.0/,"""Birds of pray"" by marfis75 is licensed under CC BY 2.0. To view a copy of this license, visit https://creativecommons.org/licenses/by/2.0/.",JPEG,683,1024,58183,2026-08-18 12:44:35.333710+00:00
a8b155917a7a9e68f8fe626a24cb6477cc480a2dacc974e964bc218a6cae3295,bird,train,images/train/bird/a8b155917a7a9e68f8fe626a24cb6477cc480a2dacc974e964bc218a6cae3295.jpg,openverse,53558e8c-452a-4bf8-a0de-b1635ceeaf20,https://www.flickr.com/photos/146832554@N06/52414817489,https://live.staticflickr.com/65535/52414817489_bca3c61bdf_b.jpg,CC-BY-SA-2.0,https://creativecommons.org/licenses/by-sa/2.0/,"""Thirsty Bird"" by pom'. is licensed under CC BY-SA 2.0. To view a copy of this license, visit https://creativecommons.org/licenses/by-sa/2.0/.",JPEG,1024,1024,157015,2026-08-18 12:44:33.832209+00:00
b34a173efc47861786a565cca9c7f6180cd4ca4cee5c5df4395e760899164ff4,bird,train,images/train/bird/b34a173efc47861786a565cca9c7f6180cd4ca4cee5c5df4395e760899164ff4.jpg,openverse,5b2a14c7-4297-418c-b6da-ccc3adfc7c14,https://www.flickr.com/photos/138221136@N04/52592261935,https://live.staticflickr.com/65535/52592261935_e01affb639_b.jpg,CC-BY-2.0,https://creativecommons.org/licenses/by/2.0/,"""The bird likes to show off :-))))"" by munchflemming is licensed under CC BY 2.0. To view a copy of this license, visit https://creativecommons.org/licenses/by/2.0/.",JPEG,1023,680,223752,2026-08-18 12:44:34.340370+00:00
c2d75b6a6810a5502ca275c96f5ec256622ca891136f81e6c0fd66acff019df3,bird,train,images/train/bird/c2d75b6a6810a5502ca275c96f5ec256622ca891136f81e6c0fd66acff019df3.jpg,openverse,bd83e8e8-b837-4a17-bdc3-04a68720ec2f,https://www.flickr.com/photos/7156765@N05/51566225906,https://live.staticflickr.com/65535/51566225906_2c568edb0b_b.jpg,PDM-1.0,https://creativecommons.org/publicdomain/mark/1.0/,"""Stratford Ontario ~ Canada ~ Bird & Flowers ~ Shakespearean Garden Botanical ~ Heritage"" by Onasill - Bill Badzo - 149 Million Views - Thank Y is marked with Public Domain Mark 1.0. To view the terms, visit https://creativecommons.org/publicdomain/mark/1.0/.",JPEG,1024,1024,314013,2026-08-18 12:44:33.832177+00:00
c469431ac892a04f3795edb18f20b0a75929ecd2a6ef4b95f00dcc4f6a85cfb1,bird,train,images/train/bird/c469431ac892a04f3795edb18f20b0a75929ecd2a6ef4b95f00dcc4f6a85cfb1.jpg,openverse,576fa97a-b13f-42bc-b5f9-e4c8ee11da5e,https://www.flickr.com/photos/96142817@N03/52494761653,https://live.staticflickr.com/65535/52494761653_458c7ba17f_b.jpg,CC-BY-2.0,https://creativecommons.org/licenses/by/2.0/,"""Bird Attitude"" by jjmusgrove is licensed under CC BY 2.0. To view a copy of this license, visit https://creativecommons.org/licenses/by/2.0/.",JPEG,1024,683,90607,2026-08-18 12:44:35.333688+00:00
caf000223ffc5eea184b233fb5b50dc2af8536cac85d97791d152c0891f89782,bird,train,images/train/bird/caf000223ffc5eea184b233fb5b50dc2af8536cac85d97791d152c0891f89782.jpg,openverse,e33e8829-8687-4d32-b904-8f88951f384d,https://www.flickr.com/photos/26344495@N05/48682461847,https://live.staticflickr.com/65535/48682461847_4fe08863de_b.jpg,CC-BY-2.0,https://creativecommons.org/licenses/by/2.0/,"""Close-up of a swan on land and two young man in the background obeserving the bird"" by Ivan Radic is licensed under CC BY 2.0. To view a copy of this license, visit https://creativecommons.org/licenses/by/2.0/.",JPEG,1024,683,238122,2026-08-18 12:44:35.333743+00:00
d994767eacd1fa58ae772e56cdc923593d61e7d828414933e8cfe1df2fcd7da4,bird,train,images/train/bird/d994767eacd1fa58ae772e56cdc923593d61e7d828414933e8cfe1df2fcd7da4.jpg,openverse,051bd786-bc34-4d3e-8c56-a2ae4ffeb2bb,https://www.flickr.com/photos/55856449@N04/31737773605,https://live.staticflickr.com/302/31737773605_3c63f24e2b_b.jpg,CC-BY-SA-2.0,https://creativecommons.org/licenses/by-sa/2.0/,"""Bird"" by Infomastern is licensed under CC BY-SA 2.0. To view a copy of this license, visit https://creativecommons.org/licenses/by-sa/2.0/.",JPEG,1024,683,150585,2026-08-18 12:44:34.835872+00:00
db8efb139809f7349cb01333be813e531eaafd38637d042ca7c2e0704dde8303,bird,train,images/train/bird/db8efb139809f7349cb01333be813e531eaafd38637d042ca7c2e0704dde8303.jpg,openverse,b4427c1a-2f85-41f0-866e-0e9aac4b0710,https://www.flickr.com/photos/61686453@N02/51389354994,https://live.staticflickr.com/65535/51389354994_e0b8f87c95_b.jpg,CC-BY-2.0,https://creativecommons.org/licenses/by/2.0/,"""Bird on a Windmill"" by deckerme is licensed under CC BY 2.0. To view a copy of this license, visit https://creativecommons.org/licenses/by/2.0/.",JPEG,1024,768,137287,2026-08-18 12:44:33.832236+00:00
de25cafbdae97723c9ea8ee541009c11cdb00b9231ce5847dd52ffea9db80432,bird,train,images/train/bird/de25cafbdae97723c9ea8ee541009c11cdb00b9231ce5847dd52ffea9db80432.jpg,openverse,f52b6c47-4630-47fe-8b6f-8342b8f98e74,https://www.flickr.com/photos/88123769@N02/51556029665,https://live.staticflickr.com/65535/51556029665_112a27a996_b.jpg,PDM-1.0,https://creativecommons.org/publicdomain/mark/1.0/,"""The Huia. NZ Bird."" by Bernard Spragg is marked with Public Domain Mark 1.0. To view the terms, visit https://creativecommons.org/publicdomain/mark/1.0/.",JPEG,1024,704,274982,2026-08-18 12:44:34.340401+00:00
e122605b7951e60a709f146372907a0c2f1043a450515b53949988dc43465982,bird,train,images/train/bird/e122605b7951e60a709f146372907a0c2f1043a450515b53949988dc43465982.jpg,openverse,8b8e1ed5-a9a0-408a-8006-03e6d8bf6ed0,https://www.flickr.com/photos/82995800@N06/51662258756,https://live.staticflickr.com/65535/51662258756_7cf4b377d0_b.jpg,PDM-1.0,https://creativecommons.org/publicdomain/mark/1.0/,"""Bird"" by chachasarra is marked with Public Domain Mark 1.0. To view the terms, visit https://creativecommons.org/publicdomain/mark/1.0/.",JPEG,1023,641,80871,2026-08-18 12:44:34.835855+00:00
e66c96d9c4bfb17b0260769249521eb57575058d14ac08ac74874b1af4c953ad,bird,train,images/train/bird/e66c96d9c4bfb17b0260769249521eb57575058d14ac08ac74874b1af4c953ad.jpg,openverse,6537025a-4eb5-4890-93f1-dbe5883c6095,https://www.flickr.com/photos/87249144@N08/52478031925,https://live.staticflickr.com/65535/52478031925_abd919231c_b.jpg,CC-BY-2.0,https://creativecommons.org/licenses/by/2.0/,"""zB872e Bird Watching"" by FolsomNatural is licensed under CC BY 2.0. To view a copy of this license, visit https://creativecommons.org/licenses/by/2.0/.",JPEG,1024,892,187371,2026-08-18 12:44:33.832157+00:00
e90fa09a96cb194ab73b28a18038c17f9680e87e53bdae3ac127e00294b56096,bird,train,images/train/bird/e90fa09a96cb194ab73b28a18038c17f9680e87e53bdae3ac127e00294b56096.jpg,openverse,0cbd4769-87f5-4369-82c0-48fa1c8cd111,https://www.flickr.com/photos/61446950@N06/52322555269,https://live.staticflickr.com/65535/52322555269_0d7954317e_b.jpg,CC-BY-2.0,https://creativecommons.org/licenses/by/2.0/,"""WS2209: Colorful Bird - Line Art"" by COLORED PENCIL magazine is licensed under CC BY 2.0. To view a copy of this license, visit https://creativecommons.org/licenses/by/2.0/.",JPEG,791,1024,111267,2026-08-18 12:44:34.340307+00:00
ef6ce6716ca86d273e8007c421bdb6a96e16a2fd362f387cecaca84c74f5384a,bird,train,images/train/bird/ef6ce6716ca86d273e8007c421bdb6a96e16a2fd362f387cecaca84c74f5384a.jpg,openverse,ce3f3699-799c-43b8-9842-7659b7d42890,https://www.flickr.com/photos/153584064@N07/51927621721,https://live.staticflickr.com/65535/51927621721_a64ac36fe8_b.jpg,CC-BY-2.0,https://creativecommons.org/licenses/by/2.0/,"""Brown Bird with a Butterfly (1743-51) print in high resolution by George Edwards. Original from The National Gallery of Art. Digitally enhanced by rawpixel."" by Free Public Domain Illustrations by rawpixel is licensed under CC BY 2.0. To view a copy of this license, visit https://creativecommons.org/licenses/by/2.0/.",JPEG,819,1024,202965,2026-08-18 12:44:35.831890+00:00
f56074db00984f69c5c15a5466984a93fe29e8bc82111a615427e97772252264,bird,train,images/train/bird/f56074db00984f69c5c15a5466984a93fe29e8bc82111a615427e97772252264.jpg,openverse,6efb0618-d334-42b8-b10d-fc3d6155fdd5,https://www.flickr.com/photos/87249144@N08/52278135445,https://live.staticflickr.com/65535/52278135445_9751299313_b.jpg,CC-BY-2.0,https://creativecommons.org/licenses/by/2.0/,"""B522 Birds, Folsom, CA"" by FolsomNatural is licensed under CC BY 2.0. To view a copy of this license, visit https://creativecommons.org/licenses/by/2.0/.",JPEG,1024,665,145766,2026-08-18 12:44:35.333693+00:00
f5f71d64d34028dfffdf949fafd1c5d380e1de81d9ec18212c20b612518ccbf3,bird,train,images/train/bird/f5f71d64d34028dfffdf949fafd1c5d380e1de81d9ec18212c20b612518ccbf3.jpg,openverse,8d272f6b-3b79-498b-b8c9-a0ef1894254d,https://www.flickr.com/photos/91689877@N03/51775579405,https://live.staticflickr.com/65535/51775579405_d8cd9991cb.jpg,PDM-1.0,https://creativecommons.org/publicdomain/mark/1.0/,"""New updated design for Blue Bird vision school buses front of the bus"" by PatrickRich is marked with Public Domain Mark 1.0. To view the terms, visit https://creativecommons.org/publicdomain/mark/1.0/.",JPEG,500,374,67083,2026-08-18 12:44:35.333646+00:00
fac269c5210d9e5df1b11810dedf0c1b214f2f31c1d7ebb7efb3c27b012c4106,bird,train,images/train/bird/fac269c5210d9e5df1b11810dedf0c1b214f2f31c1d7ebb7efb3c27b012c4106.jpg,openverse,8f912b1e-8c2f-4c1d-8864-61c2f288a8ed,https://www.flickr.com/photos/189561381@N07/51727951723,https://live.staticflickr.com/65535/51727951723_1327b8293d_b.jpg,CC-BY-2.0,https://creativecommons.org/licenses/by/2.0/,"""Bird Reference #50"" by claralieu is licensed under CC BY 2.0. To view a copy of this license, visit https://creativecommons.org/licenses/by/2.0/.",JPEG,868,1024,210683,2026-08-18 12:44:34.835859+00:00
2bca0c73a8da2959f6a4993beaa45119057a398a954b62c08333b22c93611e5a,bird,val,images/val/bird/2bca0c73a8da2959f6a4993beaa45119057a398a954b62c08333b22c93611e5a.jpg,openverse,2692ad37-4eb0-4319-a7c6-d9ffea3393d5,https://www.flickr.com/photos/106602675@N05/52045024851,https://live.staticflickr.com/65535/52045024851_0fca249791_b.jpg,PDM-1.0,https://creativecommons.org/publicdomain/mark/1.0/,"""one of our regular American Oysercatcher breeding birds, roosting on South Point"" by CapeHatterasNPS is marked with Public Domain Mark 1.0. To view the terms, visit https://creativecommons.org/publicdomain/mark/1.0/.",JPEG,1023,866,109353,2026-08-18 12:44:33.832006+00:00
325e87376d8b7f88ad31f2733e9f41ffdc3f81c9918c36e3346d84d420f8e9ab,bird,val,images/val/bird/325e87376d8b7f88ad31f2733e9f41ffdc3f81c9918c36e3346d84d420f8e9ab.jpg,openverse,2f35faa7-4182-4e71-989c-a74417b52111,https://www.flickr.com/photos/56377701@N07/52191737061,https://live.staticflickr.com/65535/52191737061_b74a710c56_b.jpg,CC-BY-2.0,https://creativecommons.org/licenses/by/2.0/,"""For the Birds"" by Ronald Douglas Frazier is licensed under CC BY 2.0. To view a copy of this license, visit https://creativecommons.org/licenses/by/2.0/.",JPEG,768,1024,367178,2026-08-18 12:44:35.831867+00:00
56d3778f9f8e11b34c86d5cdd777f95f8e5b9b971c8f65d13b6bc0e145ccf197,bird,val,images/val/bird/56d3778f9f8e11b34c86d5cdd777f95f8e5b9b971c8f65d13b6bc0e145ccf197.jpg,openverse,86af6de1-f7b9-4aa9-9107-557573a52f31,https://www.flickr.com/photos/97651299@N00/52204377727,https://live.staticflickr.com/65535/52204377727_fbedd8143c_b.jpg,CC-BY-SA-2.0,https://creativecommons.org/licenses/by-sa/2.0/,"""Thanks birds for dropping the seed [Explored]"" by vanhookc is licensed under CC BY-SA 2.0. To view a copy of this license, visit https://creativecommons.org/licenses/by-sa/2.0/.",JPEG,1024,683,152577,2026-08-18 12:44:34.340351+00:00
5dc4edb69bb226c5596089f347d42b3cb0956bba831531eba85f8f2c878fd87b,bird,val,images/val/bird/5dc4edb69bb226c5596089f347d42b3cb0956bba831531eba85f8f2c878fd87b.jpg,openverse,470552ea-108a-4588-a03c-c32ebede00c2,https://www.flickr.com/photos/88123769@N02/52145121256,https://live.staticflickr.com/65535/52145121256_ff3c5d5704_b.jpg,PDM-1.0,https://creativecommons.org/publicdomain/mark/1.0/,"""Bird's nest fungi."" by Bernard Spragg is marked with Public Domain Mark 1.0. To view the terms, visit https://creativecommons.org/publicdomain/mark/1.0/.",JPEG,1023,711,135882,2026-08-18 12:44:35.333732+00:00
623a1326a56ce3f69e54444e58d5a555ee30c0603d2415b9305c44b1454a21c0,bird,val,images/val/bird/623a1326a56ce3f69e54444e58d5a555ee30c0603d2415b9305c44b1454a21c0.jpg,openverse,9ae6ffe3-afba-4983-b50b-4abebac17e81,https://www.flickr.com/photos/100915417@N07/52058491706,https://live.staticflickr.com/65535/52058491706_9dbca1ab5b_b.jpg,CC-BY-2.0,https://creativecommons.org/licenses/by/2.0/,"""Dunnet Head with Sea Birds"" by Charlie From Bristol is licensed under CC BY 2.0. To view a copy of this license, visit https://creativecommons.org/licenses/by/2.0/.",JPEG,1024,683,172712,2026-08-18 12:44:34.340346+00:00
7f8fcd8aa7393eab74f39f9ede149a5cb6960f6fe42a2dcf6aa7da2f68acf9ed,bird,val,images/val/bird/7f8fcd8aa7393eab74f39f9ede149a5cb6960f6fe42a2dcf6aa7da2f68acf9ed.jpg,openverse,ff8a3f0d-455d-4426-b67b-f4ebc9de2bf2,https://www.flickr.com/photos/124790945@N06/48017819933,https://live.staticflickr.com/65535/48017819933_7d06b2c210_b.jpg,CC-BY-2.0,https://creativecommons.org/licenses/by/2.0/,"""Myna (Common myna) bird on the tree, Thailand"" by Phuketian.S is licensed under CC BY 2.0. To view a copy of this license, visit https://creativecommons.org/licenses/by/2.0/.",JPEG,1024,683,140049,2026-08-18 12:44:34.835890+00:00
a620d0b800626dae18c92fbc38151d7dde1af28178f062b0c13bfad1cc528a21,bird,val,images/val/bird/a620d0b800626dae18c92fbc38151d7dde1af28178f062b0c13bfad1cc528a21.jpg,openverse,68fc7c5e-b4ba-4538-becc-26343bdcbf13,https://www.flickr.com/photos/137294100@N08/51343139244,https://live.staticflickr.com/65535/51343139244_6ce04ea6cc_b.jpg,CC-BY-2.0,https://creativecommons.org/licenses/by/2.0/,"""Sunrise Birds"" by radkuch.13 is licensed under CC BY 2.0. To view a copy of this license, visit https://creativecommons.org/licenses/by/2.0/.",JPEG,1024,576,114782,2026-08-18 12:44:33.832167+00:00
b4c40327329df44cdd28005e48b843726a7878130cbf334a039bc9052df7ecb6,bird,val,images/val/bird/b4c40327329df44cdd28005e48b843726a7878130cbf334a039bc9052df7ecb6.jpg,openverse,cec6c8b2-817a-4f6c-bd63-537117eba762,https://www.flickr.com/photos/145400091@N04/52529186629,https://live.staticflickr.com/65535/52529186629_fbee1f2920_b.jpg,CC-BY-SA-2.0,https://creativecommons.org/licenses/by-sa/2.0/,"""water bird"" by Ephemeral Impressions is licensed under CC BY-SA 2.0. To view a copy of this license, visit https://creativecommons.org/licenses/by-sa/2.0/.",JPEG,1024,800,75662,2026-08-18 12:44:33.832232+00:00
c3936dc80aa6612d918ce8dc7463c1d450e821e9daa3c0acad4ef0bc733d328c,bird,val,images/val/bird/c3936dc80aa6612d918ce8dc7463c1d450e821e9daa3c0acad4ef0bc733d328c.jpg,openverse,c008b661-0afe-46f4-801c-1c9c80b2eb0f,https://www.flickr.com/photos/51149373@N08/51678316916,https://live.staticflickr.com/65535/51678316916_aaaccb2acc_b.jpg,PDM-1.0,https://creativecommons.org/publicdomain/mark/1.0/,"""Sunday bird"" by fromfarbeyond is marked with Public Domain Mark 1.0. To view the terms, visit https://creativecommons.org/publicdomain/mark/1.0/.",JPEG,683,1024,207759,2026-08-18 12:44:35.333673+00:00
cc97345ca716847395dc47ffe867f2b33938e3ccef2bf3ff3f4e3ff3e34c9c4e,bird,val,images/val/bird/cc97345ca716847395dc47ffe867f2b33938e3ccef2bf3ff3f4e3ff3e34c9c4e.jpg,openverse,dbfa5176-131a-4e0f-b824-6f27a891fb49,https://www.flickr.com/photos/124790945@N06/48017806646,https://live.staticflickr.com/65535/48017806646_74058d758f_b.jpg,CC-BY-2.0,https://creativecommons.org/licenses/by/2.0/,"""Myna (Common myna) bird on the tree, Thailand"" by Phuketian.S is licensed under CC BY 2.0. To view a copy of this license, visit https://creativecommons.org/licenses/by/2.0/.",JPEG,1024,683,134540,2026-08-18 12:44:34.340326+00:00
ee43c14aa00b9c8fd93a87fbb76aa5dd4299a9a8b0d3701cb7aea7578f03be74,bird,val,images/val/bird/ee43c14aa00b9c8fd93a87fbb76aa5dd4299a9a8b0d3701cb7aea7578f03be74.jpg,openverse,1ffc3759-2a44-4bc5-8244-b5dcf625c6d8,https://www.flickr.com/photos/124790945@N06/48017895712,https://live.staticflickr.com/65535/48017895712_0dcface6aa_b.jpg,CC-BY-2.0,https://creativecommons.org/licenses/by/2.0/,"""Myna (Common myna) bird on the tree, Thailand"" by Phuketian.S is licensed under CC BY 2.0. To view a copy of this license, visit https://creativecommons.org/licenses/by/2.0/.",JPEG,1024,683,128870,2026-08-18 12:44:34.340320+00:00
f4bd9efeb19daccc15126d65cfaef3b944bf4bbbaee9a69ab22fe40c355321d8,bird,val,images/val/bird/f4bd9efeb19daccc15126d65cfaef3b944bf4bbbaee9a69ab22fe40c355321d8.jpg,openverse,43677ae7-39b8-4140-9031-64249dd63358,https://www.flickr.com/photos/124790945@N06/48017895862,https://live.staticflickr.com/65535/48017895862_3b4d2fac42_b.jpg,CC-BY-2.0,https://creativecommons.org/licenses/by/2.0/,"""Myna (Common myna) bird on the tree, Thailand"" by Phuketian.S is licensed under CC BY 2.0. To view a copy of this license, visit https://creativecommons.org/licenses/by/2.0/.",JPEG,1024,683,142497,2026-08-18 12:44:34.835895+00:00
094f18c2b41999b255ca6c6b281a5cc6ccdfcbaa0ab7c7018ef0dd417fdba5d7,cat,train,images/train/cat/094f18c2b41999b255ca6c6b281a5cc6ccdfcbaa0ab7c7018ef0dd417fdba5d7.jpg,openverse,709ad031-0508-4ca9-8daf-f5b7059e7403,https://www.flickr.com/photos/9998127@N06/13630266803,https://live.staticflickr.com/7083/13630266803_de73884489.jpg,CC-BY-SA-2.0,https://creativecommons.org/licenses/by-sa/2.0/,"""I kissed a cat..."" by wbaiv is licensed under CC BY-SA 2.0. To view a copy of this license, visit https://creativecommons.org/licenses/by-sa/2.0/.",JPEG,500,375,42837,2026-08-18 12:44:29.940666+00:00
17a22ff3fd8ee392bcc92f543508b1d98cb72c5dc27c4a3e37539a4a027fc628,cat,train,images/train/cat/17a22ff3fd8ee392bcc92f543508b1d98cb72c5dc27c4a3e37539a4a027fc628.jpg,openverse,f861abe2-1907-4074-9a6f-b6163c7f9ecf,https://www.flickr.com/photos/7252160@N04/33533092025,https://live.staticflickr.com/3679/33533092025_a4d3c17e1f_b.jpg,CC-BY-SA-2.0,https://creativecommons.org/licenses/by-sa/2.0/,"""Cat portrait"" by solarisgirl is licensed under CC BY-SA 2.0. To view a copy of this license, visit https://creativecommons.org/licenses/by-sa/2.0/.",JPEG,1023,819,170700,2026-08-18 12:44:29.031566+00:00
1c3e2d9c88dfc78d8f60c229bc514a9cdb413d1aa2e87de0f55c605cb30405fd,cat,train,images/train/cat/1c3e2d9c88dfc78d8f60c229bc514a9cdb413d1aa2e87de0f55c605cb30405fd.jpg,openverse,b99d562e-68d7-4a05-b392-ccce3fcb8154,https://www.flickr.com/photos/30447586@N00/52195463941,https://live.staticflickr.com/65535/52195463941_70262941e9_b.jpg,CC-BY-SA-2.0,https://creativecommons.org/licenses/by-sa/2.0/,"""Today's Cat@2022−07−05"" by masatsu is licensed under CC BY-SA 2.0. To view a copy of this license, visit https://creativecommons.org/licenses/by-sa/2.0/.",JPEG,1024,683,156678,2026-08-18 12:44:30.348907+00:00
20693904d67ff854366c0497a78adccb3a54d6f96c0784b04587733bbfe86782,cat,train,images/train/cat/20693904d67ff854366c0497a78adccb3a54d6f96c0784b04587733bbfe86782.jpg,openverse,3d509e74-5164-4660-b1ac-112ff8aa4c1d,https://www.flickr.com/photos/124790945@N06/37061906582,https://live.staticflickr.com/4351/37061906582_c51b63f0b6_b.jpg,CC-BY-2.0,https://creativecommons.org/licenses/by/2.0/,"""My cats"" by Phuketian.S is licensed under CC BY 2.0. To view a copy of this license, visit https://creativecommons.org/licenses/by/2.0/.",JPEG,1024,683,177226,2026-08-18 12:44:29.329097+00:00
27d4b5334519000a86dbf4918704e0e568ebaa1f636e9da79405efd27f8048c3,cat,train,images/train/cat/27d4b5334519000a86dbf4918704e0e568ebaa1f636e9da79405efd27f8048c3.jpg,openverse,270ef096-4d22-44d4-88be-f578bc197dac,https://www.flickr.com/photos/39160147@N03/52458416413,https://live.staticflickr.com/65535/52458416413_09d028391b_b.jpg,CC-BY-2.0,https://creativecommons.org/licenses/by/2.0/,"""Sunhill Halloween ghost with pumpkin and black cat! Light Up Blow Molded Outdoor Decor Halloween! About 1995. Concept, sculpting, and related Artwork by MiMo, Mike Mozart, pictures by Mike Mozart!"" by JeepersMedia is licensed under CC BY 2.0. To view a copy of this license, visit https://creativecommons.org/licenses/by/2.0/.",JPEG,768,1024,200831,2026-08-18 12:44:29.031614+00:00
2aac10a293a2786fa1290e0cf6521f83e48ec1ee634ec5badd1e6baa4ef3fb14,cat,train,images/train/cat/2aac10a293a2786fa1290e0cf6521f83e48ec1ee634ec5badd1e6baa4ef3fb14.jpg,openverse,671e7bdd-c86f-4f3e-aada-2ce91c69cf45,https://www.flickr.com/photos/30447586@N00/52167547501,https://live.staticflickr.com/65535/52167547501_705c3027ff_b.jpg,CC-BY-SA-2.0,https://creativecommons.org/licenses/by-sa/2.0/,"""Today's Cat@2022−06−23"" by masatsu is licensed under CC BY-SA 2.0. To view a copy of this license, visit https://creativecommons.org/licenses/by-sa/2.0/.",JPEG,1024,683,325405,2026-08-18 12:44:29.940638+00:00
2cdb7a6e7fbed5228cfbdc9a46a115c06c9b99029050af697be69b1414d6ee0a,cat,train,images/train/cat/2cdb7a6e7fbed5228cfbdc9a46a115c06c9b99029050af697be69b1414d6ee0a.jpg,openverse,0d5d23ba-8f28-4ed9-b801-03c8d7d8b4ca,https://www.flickr.com/photos/32008920@N06/51770644815,https://live.staticflickr.com/65535/51770644815_34cf7fe338_b.jpg,CC-BY-2.0,https://creativecommons.org/licenses/by/2.0/,"""Farm cat watching the sunrise."" by Chuck Moser is licensed under CC BY 2.0. To view a copy of this license, visit https://creativecommons.org/licenses/by/2.0/.",JPEG,1024,576,127874,2026-08-18 12:44:29.329083+00:00
2d06cdb6c028aba57f546e9d3021ff75430a1c3a8b1c1b5a46759ff7fb7d8d97,cat,train,images/train/cat/2d06cdb6c028aba57f546e9d3021ff75430a1c3a8b1c1b5a46759ff7fb7d8d97.jpg,openverse,03fe164f-ddae-4339-a21b-0be658e67d1a,https://www.flickr.com/photos/30447586@N00/52348488277,https://live.staticflickr.com/65535/52348488277_5f77252447_b.jpg,CC-BY-SA-2.0,https://creativecommons.org/licenses/by-sa/2.0/,"""Today's Cat@2022−09−11"" by masatsu is licensed under CC BY-SA 2.0. To view a copy of this license, visit https://creativecommons.org/licenses/by-sa/2.0/.",JPEG,1024,683,137064,2026-08-18 12:44:29.031545+00:00
35a1bc691eb4f5932faa6b7bdc992e850238af5e2002b571d400ef3eef908b3b,cat,train,images/train/cat/35a1bc691eb4f5932faa6b7bdc992e850238af5e2002b571d400ef3eef908b3b.jpg,openverse,6b966e26-82fd-4234-891b-9901830d0737,https://www.flickr.com/photos/189561381@N07/51728350574,https://live.staticflickr.com/65535/51728350574_1a52197b8a_b.jpg,CC-BY-2.0,https://creativecommons.org/licenses/by/2.0/,"""Cat Reference #114"" by claralieu is licensed under CC BY 2.0. To view a copy of this license, visit https://creativecommons.org/licenses/by/2.0/.",JPEG,808,1024,158480,2026-08-18 12:44:29.329110+00:00
38d39333423f4f14d7fc09f187dfa5fd9d1669a3f7bad473d34044af32ac27f7,cat,train,images/train/cat/38d39333423f4f14d7fc09f187dfa5fd9d1669a3f7bad473d34044af32ac27f7.jpg,wikimedia_commons,https://commons.wikimedia.org/wiki/File:A_photo_called_P1380087.jpg,https://commons.wikimedia.org/wiki/File:A_photo_called_P1380087.jpg,https://upload.wikimedia.org/wikipedia/commons/4/44/A_photo_called_P1380087.jpg?utm_source=commons.wikimedia.org&utm_campaign=index&utm_content=original,CC-BY-SA-4.0,https://creativecommons.org/licenses/by-sa/4.0/deed.en,Do better,JPEG,640,360,136192,2026-08-18 12:44:44.884287+00:00
393b58e63d05e15c4bcbb865da267ffa305767685515b69e9dd71ce198e89321,cat,train,images/train/cat/393b58e63d05e15c4bcbb865da267ffa305767685515b69e9dd71ce198e89321.png,wikimedia_commons,https://commons.wikimedia.org/wiki/File:Azuro_the_ble_cat.png,https://commons.wikimedia.org/wiki/File:Azuro_the_ble_cat.png,https://upload.wikimedia.org/wikipedia/commons/1/1f/Azuro_the_ble_cat.png?utm_source=commons.wikimedia.org&utm_campaign=index&utm_content=original,CC-BY-SA-4.0,https://creativecommons.org/licenses/by-sa/4.0/deed.en,FontiVerificate,PNG,101,99,6380,2026-08-18 12:44:49.371848+00:00
3ebecb82c3d3e695e8e6f12b4237f41ffbf8d1b4d87cb843d5a05b3fcc7a6990,cat,train,images/train/cat/3ebecb82c3d3e695e8e6f12b4237f41ffbf8d1b4d87cb843d5a05b3fcc7a6990.jpg,openverse,73aaee0b-6d6e-4ddd-9688-c5acf0dc1c4d,https://www.flickr.com/photos/126110866@N08/52144684021,https://live.staticflickr.com/65535/52144684021_320df1594b_b.jpg,CC-BY-2.0,https://creativecommons.org/licenses/by/2.0/,"""Saber-tooth Cat at Badlands Dinosaur Museum, North Dakota 5-9-2022 (2)"" by larrywkoester is licensed under CC BY 2.0. To view a copy of this license, visit https://creativecommons.org/licenses/by/2.0/.",JPEG,1024,816,179162,2026-08-18 12:44:30.833599+00:00
496f095087af2ad1881ce42994bdbea482013510f31e6d6c91ddae82c5057036,cat,train,images/train/cat/496f095087af2ad1881ce42994bdbea482013510f31e6d6c91ddae82c5057036.jpg,openverse,cc627584-cb2b-4aaa-a27c-bd55edb952d1,https://www.flickr.com/photos/99958070@N02/13613512183,https://live.staticflickr.com/7193/13613512183_2c1be64f0f_b.jpg,CC-BY-SA-2.0,https://creativecommons.org/licenses/by-sa/2.0/,"""Cat and child"" by travel oriented is licensed under CC BY-SA 2.0. To view a copy of this license, visit https://creativecommons.org/licenses/by-sa/2.0/.",JPEG,1024,683,228691,2026-08-18 12:44:30.348876+00:00
49d0aeed2519867c9df076eb17bd1594ba69b42d75c0628685d908e1cab246ad,cat,train,images/train/cat/49d0aeed2519867c9df076eb17bd1594ba69b42d75c0628685d908e1cab246ad.jpg,openverse,852a291c-3b93-4160-9b29-132539d13689,https://www.flickr.com/photos/37996580417@N01/52266952261,https://live.staticflickr.com/65535/52266952261_77009de313_b.jpg,CC-BY-SA-2.0,https://creativecommons.org/licenses/by-sa/2.0/,"""Black Cat concept art, Haunted Mansion show, Main Street USA, Disneyland, Anaheim, California, USA"" by gruntzooki is licensed under CC BY-SA 2.0. To view a copy of this license, visit https://creativecommons.org/licenses/by-sa/2.0/.",JPEG,1024,771,226064,2026-08-18 12:44:29.940589+00:00
527fa2cec176fa49e61bba49833c7dad8c080a8f2ba31f5292a088c5ec8952bf,cat,train,images/train/cat/527fa2cec176fa49e61bba49833c7dad8c080a8f2ba31f5292a088c5ec8952bf.jpg,openverse,fc716c80-c192-43dc-bd5d-d34a60311405,https://www.flickr.com/photos/30447586@N00/52184292325,https://live.staticflickr.com/65535/52184292325_9097be3e0a_b.jpg,CC-BY-SA-2.0,https://creativecommons.org/licenses/by-sa/2.0/,"""Today's Cat@2022−06−30"" by masatsu is licensed under CC BY-SA 2.0. To view a copy of this license, visit https://creativecommons.org/licenses/by-sa/2.0/.",JPEG,1024,683,195417,2026-08-18 12:44:29.329057+00:00
53cb2f5246d51bc89f105e2ebcb9a05ad411ff4fca0d8a3e35930193285e8456,cat,train,images/train/cat/53cb2f5246d51bc89f105e2ebcb9a05ad411ff4fca0d8a3e35930193285e8456.jpg,openverse,91bbed91-f764-4342-bfa9-ba2519c64866,https://www.flickr.com/photos/44636446@N04/51987060418,https://live.staticflickr.com/65535/51987060418_01faf87b49_b.jpg,PDM-1.0,https://creativecommons.org/publicdomain/mark/1.0/,"""CAT BY BONITA OWEN"" by U.S. Department of Veterans Affairs is marked with Public Domain Mark 1.0. To view the terms, visit https://creativecommons.org/publicdomain/mark/1.0/.",JPEG,819,1024,97219,2026-08-18 12:44:30.348912+00:00
53dd5870c54fd61a5e09cfc34b73efa90187ecceebc8089216f3126e92f78195,cat,train,images/train/cat/53dd5870c54fd61a5e09cfc34b73efa90187ecceebc8089216f3126e92f78195.jpg,openverse,cea9a966-09c4-4108-be7e-464ebceb6baa,https://www.flickr.com/photos/41890311@N06/51421983514,https://live.staticflickr.com/65535/51421983514_e285c5f8ee_b.jpg,PDM-1.0,https://creativecommons.org/publicdomain/mark/1.0/,"""Cool for CATs"" by sjpowermac is marked with Public Domain Mark 1.0. To view the terms, visit https://creativecommons.org/publicdomain/mark/1.0/.",JPEG,1024,768,195814,2026-08-18 12:44:29.329103+00:00
5a5b81a936bcda165e9f3c4795ba61b81c2396ddc0bea5cb2a39605e90dcfdff,cat,train,images/train/cat/5a5b81a936bcda165e9f3c4795ba61b81c2396ddc0bea5cb2a39605e90dcfdff.jpg,openverse,5cf42982-ba80-4d76-aaf6-04d97c975e3f,https://www.flickr.com/photos/124651729@N04/52636628437,https://live.staticflickr.com/65535/52636628437_c9406d0c11_b.jpg,CC-BY-SA-2.0,https://creativecommons.org/licenses/by-sa/2.0/,"""Havana Feral Cat"" by Stabbur's Master is licensed under CC BY-SA 2.0. To view a copy of this license, visit https://creativecommons.org/licenses/by-sa/2.0/.",JPEG,1024,790,123363,2026-08-18 12:44:30.348894+00:00
6868fba72b7586cb3f551f0f5b2ac27e8f88a1bb10e0a6283a96a54017ea2ee7,cat,train,images/train/cat/6868fba72b7586cb3f551f0f5b2ac27e8f88a1bb10e0a6283a96a54017ea2ee7.jpg,openverse,a075d2a8-4cb2-42ff-a2f8-f5ab9394df97,https://www.flickr.com/photos/30845197@N00/51820311043,https://live.staticflickr.com/65535/51820311043_76762ec7f4_b.jpg,CC-BY-2.0,https://creativecommons.org/licenses/by/2.0/,"""Street Cat. Tel Aviv, 2021"" by RG in TLV is licensed under CC BY 2.0. To view a copy of this license, visit https://creativecommons.org/licenses/by/2.0/.",JPEG,1024,683,125751,2026-08-18 12:44:29.031619+00:00
6aab561e94033e48005f244f45493b876c6b8550926b1680d844d8747338620f,cat,train,images/train/cat/6aab561e94033e48005f244f45493b876c6b8550926b1680d844d8747338620f.jpg,openverse,9c33e380-cb5f-4f91-9421-09b285e8f0d8,https://www.flickr.com/photos/26344495@N05/51395394770,https://live.staticflickr.com/65535/51395394770_1ee5683a1d_b.jpg,CC-BY-2.0,https://creativecommons.org/licenses/by/2.0/,"""Sticker of a cat with message 'Inkasso Moskau'"" by Ivan Radic is licensed under CC BY 2.0. To view a copy of this license, visit https://creativecommons.org/licenses/by/2.0/.",JPEG,1023,681,208914,2026-08-18 12:44:30.833647+00:00
6ea675be0c99057d3894810363406fcc0cdcf2845ebace529a2d180f0dba36c0,cat,train,images/train/cat/6ea675be0c99057d3894810363406fcc0cdcf2845ebace529a2d180f0dba36c0.jpg,openverse,20ccd757-781a-4349-8589-0ce86190bbe8,https://www.flickr.com/photos/30447586@N00/52123296973,https://live.staticflickr.com/65535/52123296973_73c6fdf7ff_b.jpg,CC-BY-SA-2.0,https://creativecommons.org/licenses/by-sa/2.0/,"""Today's Cat@2022−06−05"" by masatsu is licensed under CC BY-SA 2.0. To view a copy of this license, visit https://creativecommons.org/licenses/by-sa/2.0/.",JPEG,1023,682,204771,2026-08-18 12:44:29.031609+00:00
79dd0a30219f709eec2f6faaf59bbbd003d3e291356a670784130b76bafba9e9,cat,train,images/train/cat/79dd0a30219f709eec2f6faaf59bbbd003d3e291356a670784130b76bafba9e9.jpg,wikimedia_commons,"https://commons.wikimedia.org/wiki/File:%22_MANGO%22_,_the_pet_stray_cat_of_Vaibhav_Apartments_Co-Operative_housing_society_in_Mumbai.jpg","https://commons.wikimedia.org/wiki/File:%22_MANGO%22_,_the_pet_stray_cat_of_Vaibhav_Apartments_Co-Operative_housing_society_in_Mumbai.jpg",https://upload.wikimedia.org/wikipedia/commons/0/0a/%22_MANGO%22_%2C_the_pet_stray_cat_of_Vaibhav_Apartments_Co-Operative_housing_society_in_Mumbai.jpg?utm_source=commons.wikimedia.org&utm_campaign=index&utm_content=original,CC-BY-4.0,https://creativecommons.org/licenses/by/4.0/deed.en,Rudolph.A.Furtado,JPEG,4080,1836,5402071,2026-08-18 12:44:37.379480+00:00
7ce0d135d0b2fd6020f988081fb8c85748ce385e4ed3a5341c61b79b611a1768,cat,train,images/train/cat/7ce0d135d0b2fd6020f988081fb8c85748ce385e4ed3a5341c61b79b611a1768.jpg,wikimedia_commons,https://commons.wikimedia.org/wiki/File:A_cat_on_the_red_carpet_at_the_2025_Red_Sea_FIlm_Festival_(cropped).jpg,https://commons.wikimedia.org/wiki/File:A_cat_on_the_red_carpet_at_the_2025_Red_Sea_FIlm_Festival_(cropped).jpg,https://upload.wikimedia.org/wikipedia/commons/5/53/A_cat_on_the_red_carpet_at_the_2025_Red_Sea_FIlm_Festival_%28cropped%29.jpg?utm_source=commons.wikimedia.org&utm_campaign=index&utm_content=original,CC-BY-SA-4.0,https://creativecommons.org/licenses/by-sa/4.0/deed.en,Segolene Liger,JPEG,3454,2305,5976183,2026-08-18 12:44:41.890940+00:00
7f45640a2c4b38f40557fd7b51c37cf3781c7fcf2998a896669eb0129735b436,cat,train,images/train/cat/7f45640a2c4b38f40557fd7b51c37cf3781c7fcf2998a896669eb0129735b436.jpg,openverse,145e0b37-0577-416b-8d05-27c0b0bdde46,https://www.flickr.com/photos/51686021@N07/42700002412,https://live.staticflickr.com/1731/42700002412_c4e96ba054_b.jpg,CC0-1.0,https://creativecommons.org/publicdomain/zero/1.0/,"""Cat"" by Burnt Pineapple Productions is marked with CC0 1.0. To view the terms, visit https://creativecommons.org/publicdomain/zero/1.0/.",JPEG,1024,683,153242,2026-08-18 12:44:29.031553+00:00
835139aeb96c5b23934525289136c56965b92e44d4a625e3dddce5d4a05b48d2,cat,train,images/train/cat/835139aeb96c5b23934525289136c56965b92e44d4a625e3dddce5d4a05b48d2.jpg,openverse,c65fc476-7c8f-4d88-8b77-5116b9f2b74a,https://www.flickr.com/photos/84894254@N03/52734756793,https://live.staticflickr.com/65535/52734756793_c69a63f77a_b.jpg,CC-BY-2.0,https://creativecommons.org/licenses/by/2.0/,"""man and cat"" by Magdalena Roeseler is licensed under CC BY 2.0. To view a copy of this license, visit https://creativecommons.org/licenses/by/2.0/.",JPEG,1024,1024,235497,2026-08-18 12:44:29.031577+00:00
8829439f21422e7560f30845766332eb4fa863d2b235fe72b0b56b915d792414,cat,train,images/train/cat/8829439f21422e7560f30845766332eb4fa863d2b235fe72b0b56b915d792414.jpg,openverse,a86f2ef3-dbbf-416c-91cc-f952a4b3acba,https://www.flickr.com/photos/30447586@N00/52474431373,https://live.staticflickr.com/65535/52474431373_cd4bd4f1d5_b.jpg,CC-BY-SA-2.0,https://creativecommons.org/licenses/by-sa/2.0/,"""Today's Cat@2022−11−03"" by masatsu is licensed under CC BY-SA 2.0. To view a copy of this license, visit https://creativecommons.org/licenses/by-sa/2.0/.",JPEG,1024,683,246996,2026-08-18 12:44:29.031582+00:00
8b527e07493942980ca342b438fc8db8616caf902754171462fe69a32f1c1e61,cat,train,images/train/cat/8b527e07493942980ca342b438fc8db8616caf902754171462fe69a32f1c1e61.jpg,openverse,66712112-876e-4d11-97d1-b82f804af66e,https://www.flickr.com/photos/39160147@N03/52514583349,https://live.staticflickr.com/65535/52514583349_1fa4705da9_b.jpg,CC-BY-2.0,https://creativecommons.org/licenses/by/2.0/,"""MiMo, Mike Mozart, Acrylic on Canvas Board painting of Fluffy, the family cat, 1974, signed Wolf 12, short for Wolfgang Mikyáll Mozart!"" by JeepersMedia is licensed under CC BY 2.0. To view a copy of this license, visit https://creativecommons.org/licenses/by/2.0/.",JPEG,1024,768,267587,2026-08-18 12:44:29.031629+00:00
8c7d28234ca7b3e0ce1291192a6eab587abc4bb054c22a60586ad67b135d5e67,cat,train,images/train/cat/8c7d28234ca7b3e0ce1291192a6eab587abc4bb054c22a60586ad67b135d5e67.jpg,openverse,a2aefa2d-06c0-428f-aaef-4c1b46c4c47e,https://www.flickr.com/photos/189561381@N07/51726892472,https://live.staticflickr.com/65535/51726892472_4982bb9809_b.jpg,CC-BY-2.0,https://creativecommons.org/licenses/by/2.0/,"""Cat Reference #116"" by claralieu is licensed under CC BY 2.0. To view a copy of this license, visit https://creativecommons.org/licenses/by/2.0/.",JPEG,1024,1021,198835,2026-08-18 12:44:29.940604+00:00
8dbbc75be4f58e42f10aedea191fc780c22ab5a89d63300c2812b1e42c960db0,cat,train,images/train/cat/8dbbc75be4f58e42f10aedea191fc780c22ab5a89d63300c2812b1e42c960db0.jpg,openverse,ba81ca53-504e-4ef0-9366-1cd09f22c58d,https://www.flickr.com/photos/97947597@N00/51498768349,https://live.staticflickr.com/65535/51498768349_cb3b813968_b.jpg,PDM-1.0,https://creativecommons.org/publicdomain/mark/1.0/,"""black cats and tinkers wife 057"" by thecmn is marked with Public Domain Mark 1.0. To view the terms, visit https://creativecommons.org/publicdomain/mark/1.0/.",JPEG,761,1024,62945,2026-08-18 12:44:30.348858+00:00
8f64ff49f68a82e5107cd28c371e1ca585c5413c4d918c89a9bacf7b2349b118,cat,train,images/train/cat/8f64ff49f68a82e5107cd28c371e1ca585c5413c4d918c89a9bacf7b2349b118.jpg,openverse,591e170c-8b0d-43ec-9ea8-eace809fe057,https://www.flickr.com/photos/98479469@N00/51979838293,https://live.staticflickr.com/65535/51979838293_594e241c44_b.jpg,CC-BY-SA-2.0,https://creativecommons.org/licenses/by-sa/2.0/,"""Cat on car"" by raymond_zoller is licensed under CC BY-SA 2.0. To view a copy of this license, visit https://creativecommons.org/licenses/by-sa/2.0/.",JPEG,1023,681,159701,2026-08-18 12:44:29.940661+00:00
90541716f5f5c9887a9fe5fa049edfc2b09c7a8c203f935f71e9d7d3972685f7,cat,train,images/train/cat/90541716f5f5c9887a9fe5fa049edfc2b09c7a8c203f935f71e9d7d3972685f7.jpg,openverse,85c439b9-4512-4dd3-916a-feecb7cd13d1,https://www.flickr.com/photos/89165847@N00/52460014621,https://live.staticflickr.com/65535/52460014621_d1260aa53d_b.jpg,CC-BY-SA-2.0,https://creativecommons.org/licenses/by-sa/2.0/,"""Sharing the Cat Chair"" by mikecogh is licensed under CC BY-SA 2.0. To view a copy of this license, visit https://creativecommons.org/licenses/by-sa/2.0/.",JPEG,1024,768,332298,2026-08-18 12:44:29.329065+00:00
9ee93ef3f4b14cf72383780a50385ee2999327c8aac4544e9f058fb158a5f292,cat,train,images/train/cat/9ee93ef3f4b14cf72383780a50385ee2999327c8aac4544e9f058fb158a5f292.jpg,wikimedia_commons,https://commons.wikimedia.org/wiki/File:AUNTOFTIGER.jpg,https://commons.wikimedia.org/wiki/File:AUNTOFTIGER.jpg,https://upload.wikimedia.org/wikipedia/commons/f/fd/AUNTOFTIGER.jpg?utm_source=commons.wikimedia.org&utm_campaign=index&utm_content=original,CC-BY-SA-4.0,https://creativecommons.org/licenses/by-sa/4.0/deed.en,Priom Cepa,JPEG,3072,4096,2944816,2026-08-18 12:44:48.877732+00:00
a8849fe9528ba6fda48643f917e46ffe863e953e5bfd3036fd9dd031a0a374be,cat,train,images/train/cat/a8849fe9528ba6fda48643f917e46ffe863e953e5bfd3036fd9dd031a0a374be.jpg,openverse,942f5d6a-3f38-4562-88a9-301c51998a77,https://www.flickr.com/photos/61446950@N06/52021406207,https://live.staticflickr.com/65535/52021406207_0719cd6873.jpg,CC-BY-2.0,https://creativecommons.org/licenses/by/2.0/,"""Wild Cat 2022 Challenge"" by COLORED PENCIL magazine is licensed under CC BY 2.0. To view a copy of this license, visit https://creativecommons.org/licenses/by/2.0/.",JPEG,500,479,112833,2026-08-18 12:44:30.348921+00:00
aac1301d8bac568d36c2315b388ace42bb1842afe401b7f0ef705fc16a456b5e,cat,train,images/train/cat/aac1301d8bac568d36c2315b388ace42bb1842afe401b7f0ef705fc16a456b5e.jpg,openverse,ec077864-99db-41a0-aa0f-1178a434c294,https://www.flickr.com/photos/30447586@N00/52390435981,https://live.staticflickr.com/65535/52390435981_2ac4bc1904_b.jpg,CC-BY-SA-2.0,https://creativecommons.org/licenses/by-sa/2.0/,"""Today's Cat@2022−09−28"" by masatsu is licensed under CC BY-SA 2.0. To view a copy of this license, visit https://creativecommons.org/licenses/by-sa/2.0/.",JPEG,1023,682,318796,2026-08-18 12:44:29.329056+00:00
ab838f4d32b84d4b2e581417e3481443e61f9a89e518c9798c0836856f4d89b2,cat,train,images/train/cat/ab838f4d32b84d4b2e581417e3481443e61f9a89e518c9798c0836856f4d89b2.jpg,openverse,f4e68ce2-1f73-44e5-833d-fd568f3252e3,https://www.flickr.com/photos/32645377@N06/51918703621,https://live.staticflickr.com/65535/51918703621_a7ed71400a_b.jpg,CC-BY-2.0,https://creativecommons.org/licenses/by/2.0/,"""Dennis Deconcini, John Kromko, Fred the Cat & I"" by 666isMONEY ☮ ♥ & ☠ is licensed under CC BY 2.0. To view a copy of this license, visit https://creativecommons.org/licenses/by/2.0/.",JPEG,1024,709,140263,2026-08-18 12:44:29.329081+00:00
abba75abef03904938f4fea0e78b2922cc0d9a6b8be6e88ea78803a2898fce31,cat,train,images/train/cat/abba75abef03904938f4fea0e78b2922cc0d9a6b8be6e88ea78803a2898fce31.jpg,openverse,24a056cc-eeaf-4dee-b57d-79e3a70b86d2,https://www.flickr.com/photos/32569229@N06/51954886909,https://live.staticflickr.com/65535/51954886909_9d7a892ea0_b.jpg,CC-BY-SA-2.0,https://creativecommons.org/licenses/by-sa/2.0/,"""CAT 12H"" by Alexandre Prevot is licensed under CC BY-SA 2.0. To view a copy of this license, visit https://creativecommons.org/licenses/by-sa/2.0/.",JPEG,1024,683,432816,2026-08-18 12:44:29.940574+00:00
ae006a622180c32c24a04e874c27b110f37c0aef7acc4e5ac40e7cec09edf509,cat,train,images/train/cat/ae006a622180c32c24a04e874c27b110f37c0aef7acc4e5ac40e7cec09edf509.jpg,openverse,70df88b7-4a62-4a15-953d-7af6a995b2a7,https://www.flickr.com/photos/140600042@N03/52548177925,https://live.staticflickr.com/65535/52548177925_803961c608_b.jpg,CC-BY-2.0,https://creativecommons.org/licenses/by/2.0/,"""Cat looking up"" by Felipenpeixoto is licensed under CC BY 2.0. To view a copy of this license, visit https://creativecommons.org/licenses/by/2.0/.",JPEG,1024,580,141858,2026-08-18 12:44:30.348863+00:00
af46362b68071f18d7ca17023cdacf13ccd27e62a1a894cdafd6af0c729a3e1c,cat,train,images/train/cat/af46362b68071f18d7ca17023cdacf13ccd27e62a1a894cdafd6af0c729a3e1c.png,wikimedia_commons,"https://commons.wikimedia.org/wiki/File:Aska,_cat,_on_her_tree.png","https://commons.wikimedia.org/wiki/File:Aska,_cat,_on_her_tree.png",https://upload.wikimedia.org/wikipedia/commons/3/39/Aska%2C_cat%2C_on_her_tree.png?utm_source=commons.wikimedia.org&utm_campaign=index&utm_content=original,CC-BY-4.0,https://creativecommons.org/licenses/by/4.0/deed.en,Starcores,PNG,848,708,735383,2026-08-18 12:44:48.370662+00:00
b7cc2cc0d15ac3d9d43e10ca1ca24f0447415b3d2cf39b5c6ebc5865e178f86f,cat,train,images/train/cat/b7cc2cc0d15ac3d9d43e10ca1ca24f0447415b3d2cf39b5c6ebc5865e178f86f.jpg,openverse,87f94a17-a34b-499b-965a-2a9d1e5bc21f,https://www.flickr.com/photos/8749778@N06/52341846469,https://live.staticflickr.com/65535/52341846469_32b640a5fd_b.jpg,CC-BY-SA-2.0,https://creativecommons.org/licenses/by-sa/2.0/,"""Restaurant Cat"" by Eric Kilby is licensed under CC BY-SA 2.0. To view a copy of this license, visit https://creativecommons.org/licenses/by-sa/2.0/.",JPEG,1024,771,178037,2026-08-18 12:44:30.348898+00:00
bd28bc543ef61e0f8d5926d29e880491c8d10d295beba2379840d31813b788e5,cat,train,images/train/cat/bd28bc543ef61e0f8d5926d29e880491c8d10d295beba2379840d31813b788e5.jpg,openverse,071872a9-7a2c-4282-95fd-3f41f287230a,https://www.flickr.com/photos/192271236@N03/52479198918,https://live.staticflickr.com/65535/52479198918_1b9b507137_b.jpg,CC-BY-2.0,https://creativecommons.org/licenses/by/2.0/,"""Cat's Eye Nebula - NGC 6543 - NASA ESA Hubble Space Telescope"" by Andrea Luck is licensed under CC BY 2.0. To view a copy of this license, visit https://creativecommons.org/licenses/by/2.0/.",JPEG,1024,576,16276,2026-08-18 12:44:30.348916+00:00
c05012edee9ce4f11a40b9e7ff88fb9cbc52320dfb597730a9e29bc5f0d18840,cat,train,images/train/cat/c05012edee9ce4f11a40b9e7ff88fb9cbc52320dfb597730a9e29bc5f0d18840.jpg,wikimedia_commons,https://commons.wikimedia.org/wiki/File:Arvin-Niknia-Pet-Cat.jpg,https://commons.wikimedia.org/wiki/File:Arvin-Niknia-Pet-Cat.jpg,https://upload.wikimedia.org/wikipedia/commons/c/c0/Arvin-Niknia-Pet-Cat.jpg?utm_source=commons.wikimedia.org&utm_campaign=index&utm_content=original,CC-BY-SA-4.0,https://creativecommons.org/licenses/by-sa/4.0/deed.en,Mr.Univers99,JPEG,347,345,69076,2026-08-18 12:44:47.877995+00:00
c150a44bc45c0773eabf2945bb42e261163cfe2ade9355d8c55f6fcf34340e28,cat,train,images/train/cat/c150a44bc45c0773eabf2945bb42e261163cfe2ade9355d8c55f6fcf34340e28.jpg,openverse,8da5d9d2-f1bc-4f66-90a7-092c3936ec46,https://www.flickr.com/photos/60094033@N08/8077718622,https://live.staticflickr.com/8193/8077718622_3261f63ec0_b.jpg,CC-BY-2.0,https://creativecommons.org/licenses/by/2.0/,"""Cat and Fiddle."" by sidibousaid60 is licensed under CC BY 2.0. To view a copy of this license, visit https://creativecommons.org/licenses/by/2.0/.",JPEG,1023,681,134122,2026-08-18 12:44:29.940673+00:00
c31d2174f3eae2b8837acb1b63d96eaf8dcded5471a1a5cb24f62ab94e9f47b0,cat,train,images/train/cat/c31d2174f3eae2b8837acb1b63d96eaf8dcded5471a1a5cb24f62ab94e9f47b0.jpg,openverse,26be0a56-3fc9-4773-833a-1927cb2549ca,https://www.flickr.com/photos/30447586@N00/52240142413,https://live.staticflickr.com/65535/52240142413_515a0baab3_b.jpg,CC-BY-SA-2.0,https://creativecommons.org/licenses/by-sa/2.0/,"""Today's Cat@2022−07−25"" by masatsu is licensed under CC BY-SA 2.0. To view a copy of this license, visit https://creativecommons.org/licenses/by-sa/2.0/.",JPEG,1024,683,317912,2026-08-18 12:44:30.348903+00:00
c4cfe7e2f64956816b8f42fc11338c6f3f7af080e4e64ecb84a96a605416ac2e,cat,train,images/train/cat/c4cfe7e2f64956816b8f42fc11338c6f3f7af080e4e64ecb84a96a605416ac2e.jpg,openverse,514e8dfd-4bcf-42c6-b0db-15210b5fefd6,https://www.flickr.com/photos/161894595@N03/51841092530,https://live.staticflickr.com/65535/51841092530_b67f0f76c6_b.jpg,CC-BY-2.0,https://creativecommons.org/licenses/by/2.0/,"""Four Persian Cats"" by RebaSpike is licensed under CC BY 2.0. To view a copy of this license, visit https://creativecommons.org/licenses/by/2.0/.",JPEG,1024,609,125136,2026-08-18 12:44:29.940678+00:00
c7f1198466afea40e5f8c08fac288941a12f8f25be9c251c5baf681149a993d1,cat,train,images/train/cat/c7f1198466afea40e5f8c08fac288941a12f8f25be9c251c5baf681149a993d1.jpg,wikimedia_commons,https://commons.wikimedia.org/wiki/File:WIKIMWDIA.jpg,https://commons.wikimedia.org/wiki/File:WIKIMWDIA.jpg,https://upload.wikimedia.org/wikipedia/commons/4/45/WIKIMWDIA.jpg?utm_source=commons.wikimedia.org&utm_campaign=index&utm_content=original,CC-BY-SA-4.0,https://creativecommons.org/licenses/by-sa/4.0/deed.en,0eric005,JPEG,1508,2016,177435,2026-08-18 12:44:39.885180+00:00
ca81dbd66e5d1b9ae3f8d0c60dc2b28bba319346f6a594ec7e3665ac27d4f00a,cat,train,images/train/cat/ca81dbd66e5d1b9ae3f8d0c60dc2b28bba319346f6a594ec7e3665ac27d4f00a.jpg,wikimedia_commons,https://commons.wikimedia.org/wiki/File:A_grey_cat_sleeping_inside_a_white_planter.jpg,https://commons.wikimedia.org/wiki/File:A_grey_cat_sleeping_inside_a_white_planter.jpg,https://upload.wikimedia.org/wikipedia/commons/e/ec/A_grey_cat_sleeping_inside_a_white_planter.jpg?utm_source=commons.wikimedia.org&utm_campaign=index&utm_content=original,CC-BY-SA-4.0,https://creativecommons.org/licenses/by-sa/4.0/deed.en,Revital Salomon,JPEG,1600,1200,297549,2026-08-18 12:44:44.380754+00:00
e1c958b1c7b4052c11d48d8648db467fa112da895738e580f7ca000a533a948e,cat,train,images/train/cat/e1c958b1c7b4052c11d48d8648db467fa112da895738e580f7ca000a533a948e.jpg,openverse,da90986d-da59-40a7-a00d-ef3a72e73283,https://www.flickr.com/photos/88123769@N02/51960171277,https://live.staticflickr.com/65535/51960171277_914b82fe91_b.jpg,PDM-1.0,https://creativecommons.org/publicdomain/mark/1.0/,"""Rescue cat mural."" by Bernard Spragg is marked with Public Domain Mark 1.0. To view the terms, visit https://creativecommons.org/publicdomain/mark/1.0/.",JPEG,1023,629,253925,2026-08-18 12:44:29.031572+00:00
fcd7a7134a5aef755ea9a975fee676e5c6d6489a702b1f71469fd6771706bf9d,cat,train,images/train/cat/fcd7a7134a5aef755ea9a975fee676e5c6d6489a702b1f71469fd6771706bf9d.jpg,openverse,3e205b1c-07fa-4c51-9e46-1e580314d102,https://www.flickr.com/photos/153584064@N07/51927340081,https://live.staticflickr.com/65535/51927340081_365e9d8e3c_b.jpg,CC-BY-2.0,https://creativecommons.org/licenses/by/2.0/,"""August Macke's Katzenstudien (Study of a Cat) (1909) famous painting. Original from Wikimedia Commons. Digitally enhanced by rawpixel."" by Free Public Domain Illustrations by rawpixel is licensed under CC BY 2.0. To view a copy of this license, visit https://creativecommons.org/licenses/by/2.0/.",JPEG,1023,754,308498,2026-08-18 12:44:30.833643+00:00
028ac6e626079844e42f2c3158648009d1754d38d1fc30a04d0ff57d4698e99c,cat,val,images/val/cat/028ac6e626079844e42f2c3158648009d1754d38d1fc30a04d0ff57d4698e99c.jpg,openverse,74a3fa93-d372-4756-8d83-ddff7dbab642,https://www.flickr.com/photos/30447586@N00/51317720029,https://live.staticflickr.com/65535/51317720029_a64a6dec55_b.jpg,CC-BY-SA-2.0,https://creativecommons.org/licenses/by-sa/2.0/,"""Today's Cat@2021−07−17"" by masatsu is licensed under CC BY-SA 2.0. To view a copy of this license, visit https://creativecommons.org/licenses/by-sa/2.0/.",JPEG,1024,683,285007,2026-08-18 12:44:29.940657+00:00
23670d88ca0137d528a62b82366f557a4d71c89b8c5646ed7803a7b96019d04f,cat,val,images/val/cat/23670d88ca0137d528a62b82366f557a4d71c89b8c5646ed7803a7b96019d04f.jpg,openverse,e9518aca-e404-44b1-9641-6c9e7ad1ccbc,https://www.flickr.com/photos/189561381@N07/51726893052,https://live.staticflickr.com/65535/51726893052_5b94a2b0cc_b.jpg,CC-BY-2.0,https://creativecommons.org/licenses/by/2.0/,"""Tabby Cat #1"" by claralieu is licensed under CC BY 2.0. To view a copy of this license, visit https://creativecommons.org/licenses/by/2.0/.",JPEG,855,1024,191541,2026-08-18 12:44:29.940683+00:00
32250c300c96edfe21852d5a34d87b6e6d7e8acceef350cf0f71677e53ab7eb0,cat,val,images/val/cat/32250c300c96edfe21852d5a34d87b6e6d7e8acceef350cf0f71677e53ab7eb0.jpg,openverse,a2656bbd-b8b0-48cd-be76-caa212b31e3f,https://www.flickr.com/photos/36514345@N00/493679966,https://live.staticflickr.com/208/493679966_cb88e03459_b.jpg,CC-BY-2.0,https://creativecommons.org/licenses/by/2.0/,"""Cat doing an amazing trick!"" by wstryder is licensed under CC BY 2.0. To view a copy of this license, visit https://creativecommons.org/licenses/by/2.0/.",JPEG,1024,680,109193,2026-08-18 12:44:30.833617+00:00
580cf4be26d6a2af91d975645580d53126a3ae1cc36eaf64afe4b586b33bab3b,cat,val,images/val/cat/580cf4be26d6a2af91d975645580d53126a3ae1cc36eaf64afe4b586b33bab3b.jpg,openverse,e03fde82-8fb3-49a0-8133-9a21dd705dcb,https://www.flickr.com/photos/124790945@N06/37061904642,https://live.staticflickr.com/4367/37061904642_d09e750c9e_b.jpg,CC-BY-2.0,https://creativecommons.org/licenses/by/2.0/,"""My cats"" by Phuketian.S is licensed under CC BY 2.0. To view a copy of this license, visit https://creativecommons.org/licenses/by/2.0/.",JPEG,1024,683,159526,2026-08-18 12:44:29.940624+00:00
5bebf071a7c4fd3e248aa81ee8a71270b6710f3af40114726825d5c564b0fe30,cat,val,images/val/cat/5bebf071a7c4fd3e248aa81ee8a71270b6710f3af40114726825d5c564b0fe30.jpg,wikimedia_commons,https://commons.wikimedia.org/wiki/File:A_cat_with_her_kittens.jpg,https://commons.wikimedia.org/wiki/File:A_cat_with_her_kittens.jpg,https://upload.wikimedia.org/wikipedia/commons/d/d3/A_cat_with_her_kittens.jpg?utm_source=commons.wikimedia.org&utm_campaign=index&utm_content=original,CC-BY-SA-4.0,https://creativecommons.org/licenses/by-sa/4.0/deed.en,Dzkouslavia,JPEG,1538,2048,1577902,2026-08-18 12:44:42.893537+00:00
644c7c5543657416e285f5bfe5ffe65d6cd7daa7de331331c9391e1d91b2d4fa,cat,val,images/val/cat/644c7c5543657416e285f5bfe5ffe65d6cd7daa7de331331c9391e1d91b2d4fa.jpg,openverse,5efe4689-e839-459e-8f04-7536a977bc49,https://www.flickr.com/photos/30447586@N00/52450976413,https://live.staticflickr.com/65535/52450976413_95d16fa570_b.jpg,CC-BY-SA-2.0,https://creativecommons.org/licenses/by-sa/2.0/,"""Today's Cat@2022−10−24"" by masatsu is licensed under CC BY-SA 2.0. To view a copy of this license, visit https://creativecommons.org/licenses/by-sa/2.0/.",JPEG,1024,683,246094,2026-08-18 12:44:29.031517+00:00
6b7d8600f23396e3311551152255c6219c36828008c6c65e7efaaceb95389e77,cat,val,images/val/cat/6b7d8600f23396e3311551152255c6219c36828008c6c65e7efaaceb95389e77.jpg,openverse,c5b6ae1d-65bf-40b6-ad02-e012f796f296,https://www.flickr.com/photos/87805257@N00/33536740745,https://live.staticflickr.com/2812/33536740745_0c4d8089f9_b.jpg,PDM-1.0,https://creativecommons.org/publicdomain/mark/1.0/,"""Cat's sketch"" by Isaszas is marked with Public Domain Mark 1.0. To view the terms, visit https://creativecommons.org/publicdomain/mark/1.0/.",JPEG,1023,878,86649,2026-08-18 12:44:29.329105+00:00
91d4e9279b6e37422ff1317e1b48e8f874224d648d556515185dcd0b73c94c77,cat,val,images/val/cat/91d4e9279b6e37422ff1317e1b48e8f874224d648d556515185dcd0b73c94c77.jpg,wikimedia_commons,https://commons.wikimedia.org/wiki/File:A_ginger_and_white_female_tabby_cat.jpg,https://commons.wikimedia.org/wiki/File:A_ginger_and_white_female_tabby_cat.jpg,https://upload.wikimedia.org/wikipedia/commons/a/ac/A_ginger_and_white_female_tabby_cat.jpg?utm_source=commons.wikimedia.org&utm_campaign=index&utm_content=original,CC-BY-SA-4.0,https://creativecommons.org/licenses/by-sa/4.0/deed.en,Joe080808,JPEG,4752,3168,5858566,2026-08-18 12:44:43.891263+00:00
9c2c6a0a99c40680cb66beda5ee6e365b543836a7ea52f18664685f7b07bbcbf,cat,val,images/val/cat/9c2c6a0a99c40680cb66beda5ee6e365b543836a7ea52f18664685f7b07bbcbf.jpg,openverse,bf6e09cd-edb8-454a-aacb-bd8f67c7c946,https://www.flickr.com/photos/189561381@N07/51534488413,https://live.staticflickr.com/65535/51534488413_fa351b5984_b.jpg,CC-BY-2.0,https://creativecommons.org/licenses/by/2.0/,"""Cat Reference #45"" by claralieu is licensed under CC BY 2.0. To view a copy of this license, visit https://creativecommons.org/licenses/by/2.0/.",JPEG,1024,791,287161,2026-08-18 12:44:30.348935+00:00
a493e7d98055d218c75c0c94d5fb2546c74802f662df4a81f747fb7815c4a604,cat,val,images/val/cat/a493e7d98055d218c75c0c94d5fb2546c74802f662df4a81f747fb7815c4a604.jpg,openverse,c7e0fd3c-0d69-4074-b9ed-6d003773273b,https://www.flickr.com/photos/124790945@N06/37061905122,https://live.staticflickr.com/4332/37061905122_573d5c7213_b.jpg,CC-BY-2.0,https://creativecommons.org/licenses/by/2.0/,"""My cats"" by Phuketian.S is licensed under CC BY 2.0. To view a copy of this license, visit https://creativecommons.org/licenses/by/2.0/.",JPEG,1024,683,146608,2026-08-18 12:44:29.940609+00:00
ba1a4a8b89f4c702b1f098e81695ca7d29c422ab522a6989642dcaa37d7bfead,cat,val,images/val/cat/ba1a4a8b89f4c702b1f098e81695ca7d29c422ab522a6989642dcaa37d7bfead.jpg,openverse,aba5bda0-04af-4f11-80c1-6224a2fb8c09,https://www.flickr.com/photos/181765699@N08/51566875862,https://live.staticflickr.com/65535/51566875862_9b0e893475_b.jpg,CC0-1.0,https://creativecommons.org/publicdomain/zero/1.0/,"""Should I Stay or Should I go?!!! - Cat Arthur - DSCN6822"" by iezalel7williams is marked with CC0 1.0. To view the terms, visit https://creativecommons.org/publicdomain/zero/1.0/.",JPEG,1024,768,158836,2026-08-18 12:44:29.031598+00:00
c4f4f1154303171db52fa906cb6ef587007220bffa3b17674b5793d5f64611ea,cat,val,images/val/cat/c4f4f1154303171db52fa906cb6ef587007220bffa3b17674b5793d5f64611ea.jpg,openverse,d13efec1-1416-4f25-bd0b-9619da0be200,https://www.flickr.com/photos/40595948@N00/493095548,https://live.staticflickr.com/194/493095548_8fe79ccc1c_b.jpg,CC-BY-2.0,https://creativecommons.org/licenses/by/2.0/,"""Temple Cat, Sri Lanka"" by A.Davey is licensed under CC BY 2.0. To view a copy of this license, visit https://creativecommons.org/licenses/by/2.0/.",JPEG,985,1024,230340,2026-08-18 12:44:29.329063+00:00
0209d502d035f81b80961717d900fed2453a635c0adafbe68360e75a6ff8a7d3,dog,train,images/train/dog/0209d502d035f81b80961717d900fed2453a635c0adafbe68360e75a6ff8a7d3.jpg,openverse,7009db2f-ae8d-4b9e-aed7-19f469d0a6f2,https://www.flickr.com/photos/47515486@N05/52501900606,https://live.staticflickr.com/65535/52501900606_ac5468782c_b.jpg,CC-BY-SA-2.0,https://creativecommons.org/licenses/by-sa/2.0/,"""A dog portrait - Explore - 17/11/22."" by ohefin is licensed under CC BY-SA 2.0. To view a copy of this license, visit https://creativecommons.org/licenses/by-sa/2.0/.",JPEG,1024,898,557433,2026-08-18 12:44:31.946098+00:00
07b22e5fe0911e82f4286dfdd781f75b2ff2ca1f61f40d3f60f8f0b5bfc295c0,dog,train,images/train/dog/07b22e5fe0911e82f4286dfdd781f75b2ff2ca1f61f40d3f60f8f0b5bfc295c0.jpg,openverse,963d01e3-738d-4f16-8163-ab0adcc7a851,https://www.flickr.com/photos/64079936@N08/32715841633,https://live.staticflickr.com/2821/32715841633_e397ddf493_b.jpg,CC-BY-SA-2.0,https://creativecommons.org/licenses/by-sa/2.0/,"""Tornjak - Dog"" by Miroslav Vajdić is licensed under CC BY-SA 2.0. To view a copy of this license, visit https://creativecommons.org/licenses/by-sa/2.0/.",JPEG,1024,766,317395,2026-08-18 12:44:31.446651+00:00
0df71c1cb52317260790521efa69eb7c5aece4983a3464fa0bca0117ad171e81,dog,train,images/train/dog/0df71c1cb52317260790521efa69eb7c5aece4983a3464fa0bca0117ad171e81.jpg,openverse,fe3040e0-ef10-452f-bf75-a32bbee542a0,https://www.flickr.com/photos/82714141@N00/52200268861,https://live.staticflickr.com/65535/52200268861_887083201f_b.jpg,CC-BY-SA-2.0,https://creativecommons.org/licenses/by-sa/2.0/,"""Dog Show - Devon County Show 2022"" by dorsetbays is licensed under CC BY-SA 2.0. To view a copy of this license, visit https://creativecommons.org/licenses/by-sa/2.0/.",JPEG,1024,683,318391,2026-08-18 12:44:32.832152+00:00
0edf27cbed9cf9656301896209dc61c5f50dc9563176ba688b49c5aa6d31bbc3,dog,train,images/train/dog/0edf27cbed9cf9656301896209dc61c5f50dc9563176ba688b49c5aa6d31bbc3.jpg,wikimedia_commons,https://commons.wikimedia.org/wiki/File:A_havanese_dog_in_Finland.jpg,https://commons.wikimedia.org/wiki/File:A_havanese_dog_in_Finland.jpg,https://upload.wikimedia.org/wikipedia/commons/7/72/A_havanese_dog_in_Finland.jpg?utm_source=commons.wikimedia.org&utm_campaign=index&utm_content=original,CC0-1.0,https://creativecommons.org/publicdomain/zero/1.0/deed.en,ThePointyHatGnome,JPEG,1002,1024,173405,2026-08-18 12:44:56.370586+00:00
0f514d5f22f84a7e108f50e27560c2917ef450347eea3a92db63bfc37f894913,dog,train,images/train/dog/0f514d5f22f84a7e108f50e27560c2917ef450347eea3a92db63bfc37f894913.jpg,openverse,2e556008-5a06-41a2-bbf0-df5d99c6f64c,https://www.flickr.com/photos/99058495@N00/51306530836,https://live.staticflickr.com/65535/51306530836_3d207b41c5_b.jpg,CC-BY-SA-2.0,https://creativecommons.org/licenses/by-sa/2.0/,"""Walking the dog"" by Mario A. P. is licensed under CC BY-SA 2.0. To view a copy of this license, visit https://creativecommons.org/licenses/by-sa/2.0/.",JPEG,1024,683,288755,2026-08-18 12:44:32.832135+00:00
0f8b6570f1a870d31db6638d73d4d6bd8da2413feb37809414bfebe3fc283834,dog,train,images/train/dog/0f8b6570f1a870d31db6638d73d4d6bd8da2413feb37809414bfebe3fc283834.jpg,openverse,61e784be-f977-4bdf-bca9-289630762471,https://www.flickr.com/photos/99058495@N00/51419268551,https://live.staticflickr.com/65535/51419268551_e4ac9193e4_b.jpg,CC-BY-SA-2.0,https://creativecommons.org/licenses/by-sa/2.0/,"""legs and dog"" by Mario A. P. is licensed under CC BY-SA 2.0. To view a copy of this license, visit https://creativecommons.org/licenses/by-sa/2.0/.",JPEG,1024,549,233831,2026-08-18 12:44:32.362038+00:00
1b254266d30b975e6e16dd35ce289ff9fdddcdb1e3fccbd6d6fe5256a112794d,dog,train,images/train/dog/1b254266d30b975e6e16dd35ce289ff9fdddcdb1e3fccbd6d6fe5256a112794d.jpg,wikimedia_commons,"https://commons.wikimedia.org/wiki/File:A_black_dog_with_expressive_eyes_sits_quietly,_looking_directly_at_the_camera.jpg","https://commons.wikimedia.org/wiki/File:A_black_dog_with_expressive_eyes_sits_quietly,_looking_directly_at_the_camera.jpg",https://upload.wikimedia.org/wikipedia/commons/0/0e/A_black_dog_with_expressive_eyes_sits_quietly%2C_looking_directly_at_the_camera.jpg?utm_source=commons.wikimedia.org&utm_campaign=index&utm_content=original,CC-BY-2.0,https://creativecommons.org/licenses/by/2.0/deed.en,Shixart1985,JPEG,3675,5524,6858008,2026-08-18 12:44:53.883901+00:00
2c1daa0b5e563e3c3ce093aebda8481dc224ba67c5a13ef6cc1a442743ca393a,dog,train,images/train/dog/2c1daa0b5e563e3c3ce093aebda8481dc224ba67c5a13ef6cc1a442743ca393a.jpg,openverse,2e72f2c8-6cd8-4954-8543-0f5a8924a70d,https://www.flickr.com/photos/65608474@N03/51911061901,https://live.staticflickr.com/65535/51911061901_986712d8bc_b.jpg,CC-BY-2.0,https://creativecommons.org/licenses/by/2.0/,"""White shepherd dog"" by irio.jyske is licensed under CC BY 2.0. To view a copy of this license, visit https://creativecommons.org/licenses/by/2.0/.",JPEG,1024,683,156658,2026-08-18 12:44:32.362043+00:00
2cba13badcfd141e6092d28b3efe94c14569e537aaff9a058ae934a639da52ad,dog,train,images/train/dog/2cba13badcfd141e6092d28b3efe94c14569e537aaff9a058ae934a639da52ad.jpg,openverse,bf401d9d-3ef8-494e-bec8-6325c8303223,https://www.flickr.com/photos/38765959@N00/14967008,https://live.staticflickr.com/14/14967008_3df6414fdf_b.jpg,CC-BY-SA-2.0,https://creativecommons.org/licenses/by-sa/2.0/,"""Grotesque Tube of Dog Food"" by John Markos O'Neill is licensed under CC BY-SA 2.0. To view a copy of this license, visit https://creativecommons.org/licenses/by-sa/2.0/.",JPEG,1024,768,242858,2026-08-18 12:44:31.446601+00:00
321c75e9e906fa8696a3f778808266d51de1ab96f65e474ba5893bf11fc62aa8,dog,train,images/train/dog/321c75e9e906fa8696a3f778808266d51de1ab96f65e474ba5893bf11fc62aa8.jpg,openverse,bae5a664-a362-459b-b94b-44134787f2e4,https://www.flickr.com/photos/189326381@N08/52124854431,https://live.staticflickr.com/65535/52124854431_89ce4c839c_b.jpg,CC-BY-SA-2.0,https://creativecommons.org/licenses/by-sa/2.0/,"""The Old Grey Dog, Lowell AZ"" by A Guy Named Nyal is licensed under CC BY-SA 2.0. To view a copy of this license, visit https://creativecommons.org/licenses/by-sa/2.0/.",JPEG,1024,683,282983,2026-08-18 12:44:32.832182+00:00
33104b3d9969f4f09600244e51e6ac8140037d58479acef93f9bef452a0510f5,dog,train,images/train/dog/33104b3d9969f4f09600244e51e6ac8140037d58479acef93f9bef452a0510f5.jpg,openverse,04668798-f47e-463e-80f9-e50b753b2b58,https://www.flickr.com/photos/44124401641@N01/52164194966,https://live.staticflickr.com/65535/52164194966_35e90cf737_b.jpg,CC-BY-2.0,https://creativecommons.org/licenses/by/2.0/,"""dog day afternoon"" by istolethetv is licensed under CC BY 2.0. To view a copy of this license, visit https://creativecommons.org/licenses/by/2.0/.",JPEG,1024,683,169567,2026-08-18 12:44:32.362066+00:00
35c634435d9125fd800484a9defb942763c6f88b5abf825e38eb9cfca3f64d3b,dog,train,images/train/dog/35c634435d9125fd800484a9defb942763c6f88b5abf825e38eb9cfca3f64d3b.jpg,openverse,3f643398-528f-4a73-ab5b-e840eaea28f1,https://www.flickr.com/photos/189561381@N07/52465924871,https://live.staticflickr.com/65535/52465924871_b75e9755bf_b.jpg,CC-BY-2.0,https://creativecommons.org/licenses/by/2.0/,"""Australian Cattle Dog 01"" by claralieu is licensed under CC BY 2.0. To view a copy of this license, visit https://creativecommons.org/licenses/by/2.0/.",JPEG,1024,857,334796,2026-08-18 12:44:32.832103+00:00
3897333498c99269568e9e2c1a7df44561e70430d470e54464885216ce186e3f,dog,train,images/train/dog/3897333498c99269568e9e2c1a7df44561e70430d470e54464885216ce186e3f.jpg,openverse,50c2be85-ad47-4298-b39f-f1215f3b6903,https://www.flickr.com/photos/127761003@N06/15222306208,https://live.staticflickr.com/2944/15222306208_3ee48d2b70_b.jpg,CC-BY-2.0,https://creativecommons.org/licenses/by/2.0/,"""My Friends Dog"" by Martin John Duncan is licensed under CC BY 2.0. To view a copy of this license, visit https://creativecommons.org/licenses/by/2.0/.",JPEG,1024,669,161150,2026-08-18 12:44:31.446675+00:00
3a19a2042195b98f10a7724a470335f3f667a95f61dcb5e4b9ded80e73a4c3d0,dog,train,images/train/dog/3a19a2042195b98f10a7724a470335f3f667a95f61dcb5e4b9ded80e73a4c3d0.jpg,openverse,9598973e-dd27-41a1-8adb-d5347b800399,https://www.flickr.com/photos/75885098@N05/51404065261,https://live.staticflickr.com/65535/51404065261_e512cf2e60_b.jpg,CC-BY-2.0,https://creativecommons.org/licenses/by/2.0/,"""Happy National Dog Day Benni Girl!"" by Bennilover is licensed under CC BY 2.0. To view a copy of this license, visit https://creativecommons.org/licenses/by/2.0/.",JPEG,1024,769,242971,2026-08-18 12:44:31.446635+00:00
3eab57ee5b9895c5ac076321269d69b5b515063bc9657fb6032b0222e9f4df41,dog,train,images/train/dog/3eab57ee5b9895c5ac076321269d69b5b515063bc9657fb6032b0222e9f4df41.jpg,openverse,af92ab45-9c7b-4d2d-99dd-fe3e0048bbdb,https://www.flickr.com/photos/189561381@N07/51978801459,https://live.staticflickr.com/65535/51978801459_a6f12da38b_b.jpg,CC-BY-2.0,https://creativecommons.org/licenses/by/2.0/,"""Group of Dogs Reference #16"" by claralieu is licensed under CC BY 2.0. To view a copy of this license, visit https://creativecommons.org/licenses/by/2.0/.",JPEG,1023,510,218445,2026-08-18 12:44:31.946067+00:00
3f005974490bbe486d68814fce336e63cabb202b0901115e4e7bf06b48a73b51,dog,train,images/train/dog/3f005974490bbe486d68814fce336e63cabb202b0901115e4e7bf06b48a73b51.jpg,openverse,eca06d42-3cbc-4b16-80a2-c1639753c495,https://www.flickr.com/photos/189561381@N07/51960585637,https://live.staticflickr.com/65535/51960585637_a950329e9a_b.jpg,CC-BY-2.0,https://creativecommons.org/licenses/by/2.0/,"""Boxer Dog Reference #142"" by claralieu is licensed under CC BY 2.0. To view a copy of this license, visit https://creativecommons.org/licenses/by/2.0/.",JPEG,1024,741,392495,2026-08-18 12:44:32.832187+00:00
45097d3c430db7c525641414ce1006da9f91e3404e18adb445a678b367fa9ae5,dog,train,images/train/dog/45097d3c430db7c525641414ce1006da9f91e3404e18adb445a678b367fa9ae5.jpg,openverse,ff67f46b-21b4-4c9d-9423-af3c271a831f,https://www.flickr.com/photos/33080104@N07/14378204529,https://live.staticflickr.com/5567/14378204529_203b0331a0_b.jpg,CC-BY-2.0,https://creativecommons.org/licenses/by/2.0/,"""One man and his dog"" by Cuckooclock is licensed under CC BY 2.0. To view a copy of this license, visit https://creativecommons.org/licenses/by/2.0/.",JPEG,1024,685,136751,2026-08-18 12:44:31.446681+00:00
486abf3c6e0671ab9371c46aeddde563e459b340fd075828e7315aac7670df3d,dog,train,images/train/dog/486abf3c6e0671ab9371c46aeddde563e459b340fd075828e7315aac7670df3d.jpg,openverse,c6e8e43c-7c8a-453a-8c6c-c882af178938,https://www.flickr.com/photos/44124401641@N01/52164196218,https://live.staticflickr.com/65535/52164196218_b2ddf3cbef_b.jpg,CC-BY-2.0,https://creativecommons.org/licenses/by/2.0/,"""cheeky dog"" by istolethetv is licensed under CC BY 2.0. To view a copy of this license, visit https://creativecommons.org/licenses/by/2.0/.",JPEG,1024,683,192090,2026-08-18 12:44:32.362046+00:00
4e457989ce78fe9b61934ef8258d4d815bcf21a107ed59f2f74e47d9bb6e5b2c,dog,train,images/train/dog/4e457989ce78fe9b61934ef8258d4d815bcf21a107ed59f2f74e47d9bb6e5b2c.jpg,openverse,a43987ee-ef6d-4044-9903-53f241086444,https://www.flickr.com/photos/99058495@N00/51418533617,https://live.staticflickr.com/65535/51418533617_dcba8863df_b.jpg,CC-BY-SA-2.0,https://creativecommons.org/licenses/by-sa/2.0/,"""eight dogs"" by Mario A. P. is licensed under CC BY-SA 2.0. To view a copy of this license, visit https://creativecommons.org/licenses/by-sa/2.0/.",JPEG,1023,434,131423,2026-08-18 12:44:32.362072+00:00
51dbd1bf4dd7b9939a1fcb989760685e622d34d3ac15d486851e65cff12ebc8a,dog,train,images/train/dog/51dbd1bf4dd7b9939a1fcb989760685e622d34d3ac15d486851e65cff12ebc8a.jpg,openverse,7ee4b06a-2983-4b53-b243-e9fd9198db9c,https://www.flickr.com/photos/78428166@N00/36836512880,https://live.staticflickr.com/4345/36836512880_eceb69ab06_b.jpg,CC-BY-2.0,https://creativecommons.org/licenses/by/2.0/,"""After Dog Treats"" by Tobyotter is licensed under CC BY 2.0. To view a copy of this license, visit https://creativecommons.org/licenses/by/2.0/.",JPEG,768,1024,152393,2026-08-18 12:44:31.446704+00:00
531f08d1e1349b17609d9f7a5d5eb7792a8ab4e89a2a321325cb529792ae111f,dog,train,images/train/dog/531f08d1e1349b17609d9f7a5d5eb7792a8ab4e89a2a321325cb529792ae111f.jpg,wikimedia_commons,https://commons.wikimedia.org/wiki/File:500px_photo_(140222659).jpeg,https://commons.wikimedia.org/wiki/File:500px_photo_(140222659).jpeg,https://upload.wikimedia.org/wikipedia/commons/8/8b/500px_photo_%28140222659%29.jpeg?utm_source=commons.wikimedia.org&utm_campaign=index&utm_content=original,CC-BY-3.0,https://creativecommons.org/licenses/by/3.0/deed.en,J Doll,JPEG,1365,2048,1131044,2026-08-18 12:44:52.411183+00:00
63e2c78aa5412c42914a5b6f7a790d28cbaf6e3b836eddd40e0091c7fcec7ee1,dog,train,images/train/dog/63e2c78aa5412c42914a5b6f7a790d28cbaf6e3b836eddd40e0091c7fcec7ee1.jpg,openverse,6c1322a7-a1fa-4c25-950a-332c9093116b,https://www.flickr.com/photos/41890311@N06/52758045091,https://live.staticflickr.com/65535/52758045091_7ab1dc285e_b.jpg,PDM-1.0,https://creativecommons.org/publicdomain/mark/1.0/,"""I Want a Dog"" by sjpowermac is marked with Public Domain Mark 1.0. To view the terms, visit https://creativecommons.org/publicdomain/mark/1.0/.",JPEG,1024,768,293407,2026-08-18 12:44:31.446657+00:00
6ab937f07bb2701a5f559e647cba07874d854540c49c0a644d05da43538e8d52,dog,train,images/train/dog/6ab937f07bb2701a5f559e647cba07874d854540c49c0a644d05da43538e8d52.jpg,wikimedia_commons,https://commons.wikimedia.org/wiki/File:A_dog_with_dark-circles.jpg,https://commons.wikimedia.org/wiki/File:A_dog_with_dark-circles.jpg,https://upload.wikimedia.org/wikipedia/commons/4/49/A_dog_with_dark-circles.jpg?utm_source=commons.wikimedia.org&utm_campaign=index&utm_content=original,CC-BY-SA-4.0,https://creativecommons.org/licenses/by-sa/4.0/deed.en,Muntaqibah,JPEG,4032,3024,4395040,2026-08-18 12:44:54.378957+00:00
6f781c8e3cc94d4f2b2f98e161b7a18a771c1852128c363a4ca6821304947f15,dog,train,images/train/dog/6f781c8e3cc94d4f2b2f98e161b7a18a771c1852128c363a4ca6821304947f15.jpg,openverse,a78cf012-a998-4ee6-ad84-afdcfcb0fcb4,https://www.flickr.com/photos/153584064@N07/52227731387,https://live.staticflickr.com/65535/52227731387_c6e4249574_b.jpg,CC-BY-2.0,https://creativecommons.org/licenses/by/2.0/,"""Women with a Dog (1891) painting in high resolution by Pierre Bonnard. Original from the Sterling and Francine Clark Art Institute. Digitally enhanced by rawpixel."" by Free Public Domain Illustrations by rawpixel is licensed under CC BY 2.0. To view a copy of this license, visit https://creativecommons.org/licenses/by/2.0/.",JPEG,811,1024,368823,2026-08-18 12:44:31.946059+00:00
74850318d07507d1f7df9fb0ddd552d443259a93c97e452272146de571eaab28,dog,train,images/train/dog/74850318d07507d1f7df9fb0ddd552d443259a93c97e452272146de571eaab28.jpg,openverse,0e236554-4ded-42ea-943e-87e97957fce9,https://www.flickr.com/photos/95012874@N00/52391172901,https://live.staticflickr.com/65535/52391172901_683baf073d_b.jpg,CC-BY-2.0,https://creativecommons.org/licenses/by/2.0/,"""The Old Shepherd And Dog Pub with my Pentax P30t, The focus on the lense was very loose so I had trouble with focus."" by Martin Pettitt is licensed under CC BY 2.0. To view a copy of this license, visit https://creativecommons.org/licenses/by/2.0/.",JPEG,1024,668,176105,2026-08-18 12:44:32.832193+00:00
7897069475214d2f7dbc2bac4c20b7a1d79bf2b84cf1ae35ab0e7900827c80bf,dog,train,images/train/dog/7897069475214d2f7dbc2bac4c20b7a1d79bf2b84cf1ae35ab0e7900827c80bf.jpg,openverse,02b6f16f-0160-4936-b8c9-9f2d48cfd86a,https://www.flickr.com/photos/128275472@N07/52369000285,https://live.staticflickr.com/65535/52369000285_5470be94c1_b.jpg,CC-BY-2.0,https://creativecommons.org/licenses/by/2.0/,"""Mame shiba dog"" by 雷太 is licensed under CC BY 2.0. To view a copy of this license, visit https://creativecommons.org/licenses/by/2.0/.",JPEG,1024,683,101970,2026-08-18 12:44:31.946048+00:00
81b00a174d63931056d988ad498230cd42e26aa97a3e2b1ff498c2a12bfbedd1,dog,train,images/train/dog/81b00a174d63931056d988ad498230cd42e26aa97a3e2b1ff498c2a12bfbedd1.jpg,openverse,49f07d97-6e58-476d-93a8-3401814ed878,https://www.flickr.com/photos/189561381@N07/52237431984,https://live.staticflickr.com/65535/52237431984_eff3f6c6d8_b.jpg,CC-BY-2.0,https://creativecommons.org/licenses/by/2.0/,"""Boxer Dog Reference #150"" by claralieu is licensed under CC BY 2.0. To view a copy of this license, visit https://creativecommons.org/licenses/by/2.0/.",JPEG,1024,683,389038,2026-08-18 12:44:32.832130+00:00
86f85e0a978595261d055ad6f65960f6cad3dbb52c2a1c335d4c4fc1a23692a9,dog,train,images/train/dog/86f85e0a978595261d055ad6f65960f6cad3dbb52c2a1c335d4c4fc1a23692a9.jpg,wikimedia_commons,"https://commons.wikimedia.org/wiki/File:A_happy_dog_in_Namsai,_Arunachal_Pradesh.jpg","https://commons.wikimedia.org/wiki/File:A_happy_dog_in_Namsai,_Arunachal_Pradesh.jpg",https://upload.wikimedia.org/wikipedia/commons/0/03/A_happy_dog_in_Namsai%2C_Arunachal_Pradesh.jpg?utm_source=commons.wikimedia.org&utm_campaign=index&utm_content=original,CC-BY-SA-4.0,https://creativecommons.org/licenses/by-sa/4.0/deed.en,JyotiPN,JPEG,3224,4664,6338064,2026-08-18 12:44:55.379754+00:00
88fbac94e6f02573741a409280b2f24d0e81e635d1956838b08c43bd7403ced5,dog,train,images/train/dog/88fbac94e6f02573741a409280b2f24d0e81e635d1956838b08c43bd7403ced5.jpg,openverse,e21de2db-a709-4c22-9b05-f7457dd0db74,https://www.flickr.com/photos/188479097@N07/51517829509,https://live.staticflickr.com/65535/51517829509_45187ea589_b.jpg,PDM-1.0,https://creativecommons.org/publicdomain/mark/1.0/,"""Happy Dogs"" by Alan Kyker is marked with Public Domain Mark 1.0. To view the terms, visit https://creativecommons.org/publicdomain/mark/1.0/.",JPEG,1024,680,219469,2026-08-18 12:44:31.946001+00:00
8ceb531f2c042c6eca1aa3ac43b5e337f81a350bca18fafce99ae3a6ef6826f9,dog,train,images/train/dog/8ceb531f2c042c6eca1aa3ac43b5e337f81a350bca18fafce99ae3a6ef6826f9.jpg,openverse,e5f0375e-c951-4651-b72e-acf490cf3832,https://www.flickr.com/photos/88123769@N02/51822282992,https://live.staticflickr.com/65535/51822282992_cdd428c6a4_b.jpg,PDM-1.0,https://creativecommons.org/publicdomain/mark/1.0/,"""Bernese Mountain Dog."" by Bernard Spragg is marked with Public Domain Mark 1.0. To view the terms, visit https://creativecommons.org/publicdomain/mark/1.0/.",JPEG,1024,640,294771,2026-08-18 12:44:31.446710+00:00
8f8ba18d61fc48c2a9a06bceffac7b329b464cd2e7ac3f7c5572da74c64d957c,dog,train,images/train/dog/8f8ba18d61fc48c2a9a06bceffac7b329b464cd2e7ac3f7c5572da74c64d957c.jpg,openverse,fd061473-f74c-44d6-a652-14167e622bab,https://www.flickr.com/photos/189561381@N07/51732493671,https://live.staticflickr.com/65535/51732493671_a94b815b30_b.jpg,CC-BY-2.0,https://creativecommons.org/licenses/by/2.0/,"""Boxer Dog Reference #1"" by claralieu is licensed under CC BY 2.0. To view a copy of this license, visit https://creativecommons.org/licenses/by/2.0/.",JPEG,1024,482,264130,2026-08-18 12:44:32.362058+00:00
98982823a28c814d35257870179b9f14c284b140ce5eeb01df8f4d23a3cefe31,dog,train,images/train/dog/98982823a28c814d35257870179b9f14c284b140ce5eeb01df8f4d23a3cefe31.jpg,openverse,c6f4b17c-e903-406f-8a88-fc4101b89448,https://www.flickr.com/photos/37996646802@N01/147360429,https://live.staticflickr.com/50/147360429_4e2235c0d0_b.jpg,CC0-1.0,https://creativecommons.org/publicdomain/zero/1.0/,"""Dog Tired"" by cogdogblog is marked with CC0 1.0. To view the terms, visit https://creativecommons.org/publicdomain/zero/1.0/.",JPEG,1024,683,250454,2026-08-18 12:44:31.446624+00:00
9a72c84d64bac1227749350f9ba069bdfee4b44b40ad65dc2b2f0ceea7c02849,dog,train,images/train/dog/9a72c84d64bac1227749350f9ba069bdfee4b44b40ad65dc2b2f0ceea7c02849.jpg,openverse,d60acd05-fb2b-4d21-8474-ca1c5dc997c2,https://www.flickr.com/photos/61686453@N02/52350774685,https://live.staticflickr.com/65535/52350774685_7d2c16a257_b.jpg,CC-BY-SA-2.0,https://creativecommons.org/licenses/by-sa/2.0/,"""All the dogs at Doggie Day Swim"" by deckerme is licensed under CC BY-SA 2.0. To view a copy of this license, visit https://creativecommons.org/licenses/by-sa/2.0/.",JPEG,1024,768,202390,2026-08-18 12:44:31.446687+00:00
a5abc80d0e19744f55369312f1264f62eb3ff614b6744e350bc58b86dc2a88f3,dog,train,images/train/dog/a5abc80d0e19744f55369312f1264f62eb3ff614b6744e350bc58b86dc2a88f3.jpg,openverse,54bd4789-375b-4390-a602-47e591a6a3d6,https://www.flickr.com/photos/65695019@N07/52502688709,https://live.staticflickr.com/65535/52502688709_ec8f20b1c8_b.jpg,CC-BY-SA-2.0,https://creativecommons.org/licenses/by-sa/2.0/,"""African Wild Dog (Lycaon pictus) male ..."" by Bernard DUPONT is licensed under CC BY-SA 2.0. To view a copy of this license, visit https://creativecommons.org/licenses/by-sa/2.0/.",JPEG,1024,736,349880,2026-08-18 12:44:31.446669+00:00
aa81bf30d38df709dc4600aec06f1120326ab3444773b744757dd15626bc2737,dog,train,images/train/dog/aa81bf30d38df709dc4600aec06f1120326ab3444773b744757dd15626bc2737.jpg,openverse,387ba56f-f83d-4827-9340-24cc054cec39,https://www.flickr.com/photos/126409951@N04/32388930117,https://live.staticflickr.com/7849/32388930117_486590942c_b.jpg,PDM-1.0,https://creativecommons.org/publicdomain/mark/1.0/,"""Resting Dog, Albion Street, Rotherhithe, London"" by barry.marsh1944 is marked with Public Domain Mark 1.0. To view the terms, visit https://creativecommons.org/publicdomain/mark/1.0/.",JPEG,1024,684,164532,2026-08-18 12:44:32.832172+00:00
bb883cfdd6f2cf49a0421f64776fa1c160da658b5a48fec036cf45174d2f2bc9,dog,train,images/train/dog/bb883cfdd6f2cf49a0421f64776fa1c160da658b5a48fec036cf45174d2f2bc9.jpg,openverse,5bf5a45f-4085-4c1a-b29a-fa67d6108a10,https://www.flickr.com/photos/90525319@N07/25937637977,https://live.staticflickr.com/4776/25937637977_830c24d5d0_b.jpg,CC-BY-2.0,https://creativecommons.org/licenses/by/2.0/,"""Dogs in flax - West Bench Pocatello"" by BLMIdaho is licensed under CC BY 2.0. To view a copy of this license, visit https://creativecommons.org/licenses/by/2.0/.",JPEG,731,1023,413042,2026-08-18 12:44:32.832203+00:00
c2269b5809418b2e6b187cb0511231b94dbf1bcaa27c57ab3fdb60955c4a0c37,dog,train,images/train/dog/c2269b5809418b2e6b187cb0511231b94dbf1bcaa27c57ab3fdb60955c4a0c37.jpg,wikimedia_commons,https://commons.wikimedia.org/wiki/File:A_girl_and_a_dog.jpg,https://commons.wikimedia.org/wiki/File:A_girl_and_a_dog.jpg,https://upload.wikimedia.org/wikipedia/commons/f/f6/A_girl_and_a_dog.jpg?utm_source=commons.wikimedia.org&utm_campaign=index&utm_content=original,CC-BY-SA-4.0,https://creativecommons.org/licenses/by-sa/4.0/deed.en,Aerous,JPEG,2133,3202,1150347,2026-08-18 12:44:54.895674+00:00
ca4607c36faba8389f16de33a1b66026ba3c9e3d964264bf47c0e7f6c6b56c4d,dog,train,images/train/dog/ca4607c36faba8389f16de33a1b66026ba3c9e3d964264bf47c0e7f6c6b56c4d.jpg,openverse,f357e445-b6f8-4506-8bcd-de56f3329a0e,https://www.flickr.com/photos/7675787@N06/52466103397,https://live.staticflickr.com/65535/52466103397_951c1ecf5b_b.jpg,CC-BY-SA-2.0,https://creativecommons.org/licenses/by-sa/2.0/,"""trail and dog"" by marneejill is licensed under CC BY-SA 2.0. To view a copy of this license, visit https://creativecommons.org/licenses/by-sa/2.0/.",JPEG,1024,683,395655,2026-08-18 12:44:31.945963+00:00
d0ecf1820496f0d44b8b19d526440b7b029c13c01bc8d4c6cd2bcbe635f4a1ec,dog,train,images/train/dog/d0ecf1820496f0d44b8b19d526440b7b029c13c01bc8d4c6cd2bcbe635f4a1ec.jpg,openverse,68496ad3-1197-44ae-a0bb-1ba51b96fcb5,https://www.flickr.com/photos/8283439@N04/52482328717,https://live.staticflickr.com/65535/52482328717_9481f51ab8_b.jpg,CC-BY-2.0,https://creativecommons.org/licenses/by/2.0/,"""Prairie Dog Mother and Pup Wrestling 10"" by Amaury Laporte is licensed under CC BY 2.0. To view a copy of this license, visit https://creativecommons.org/licenses/by/2.0/.",JPEG,1024,683,180463,2026-08-18 12:44:32.832125+00:00
d15a5835ddd0e8b88e01899f077cef7dbebd035efe31449f562fc27a44b84ef8,dog,train,images/train/dog/d15a5835ddd0e8b88e01899f077cef7dbebd035efe31449f562fc27a44b84ef8.jpg,wikimedia_commons,"https://commons.wikimedia.org/wiki/File:Animal,_Dog,_Frenchie_Chuchu_black_doggy_2025.jpg","https://commons.wikimedia.org/wiki/File:Animal,_Dog,_Frenchie_Chuchu_black_doggy_2025.jpg",https://upload.wikimedia.org/wikipedia/commons/d/d7/Animal%2C_Dog%2C_Frenchie_Chuchu_black_doggy_2025.jpg?utm_source=commons.wikimedia.org&utm_campaign=index&utm_content=original,CC0-1.0,https://creativecommons.org/publicdomain/zero/1.0/deed.en,Gerardolagunes,JPEG,2560,1920,1468262,2026-08-18 12:45:01.416982+00:00
d65931b177506ac7eb91dde4e58b33d3710c3d7f21469aacce9d7159bf89bb6b,dog,train,images/train/dog/d65931b177506ac7eb91dde4e58b33d3710c3d7f21469aacce9d7159bf89bb6b.jpg,openverse,1e6e7693-28fb-4b62-bd69-fb96f57355d1,https://www.flickr.com/photos/39160147@N03/52492844701,https://live.staticflickr.com/65535/52492844701_2ee8d480dd_b.jpg,CC-BY-2.0,https://creativecommons.org/licenses/by/2.0/,"""It’s MiMo, Mike Mozart with Haley and big Boy Mongo! I’m lounging back in a chair with over 160 pounds of dogs on me!"" by JeepersMedia is licensed under CC BY 2.0. To view a copy of this license, visit https://creativecommons.org/licenses/by/2.0/.",JPEG,1024,768,200895,2026-08-18 12:44:31.946105+00:00
dd9fda10537bd6406b00a1c79c00f20bab64e0571327f392d85e0d2b83cee103,dog,train,images/train/dog/dd9fda10537bd6406b00a1c79c00f20bab64e0571327f392d85e0d2b83cee103.jpg,openverse,84d67f50-6b8e-40e6-b266-17acd804428c,https://www.flickr.com/photos/78428166@N00/51317787057,https://live.staticflickr.com/65535/51317787057_234ccbd35a_b.jpg,CC-BY-2.0,https://creativecommons.org/licenses/by/2.0/,"""Every dog I have had instantly loves my friend Aaron."" by Tobyotter is licensed under CC BY 2.0. To view a copy of this license, visit https://creativecommons.org/licenses/by/2.0/.",JPEG,768,1024,175905,2026-08-18 12:44:32.362048+00:00
e1b32c5acbf5158254f1c0cff1cee3e8e7a90e052731b6beae440c681de075e1,dog,train,images/train/dog/e1b32c5acbf5158254f1c0cff1cee3e8e7a90e052731b6beae440c681de075e1.jpg,wikimedia_commons,https://commons.wikimedia.org/wiki/File:A_little_girl_with_a_dog_next_to_it_with_sunset_in_the_background_outdoors.jpg,https://commons.wikimedia.org/wiki/File:A_little_girl_with_a_dog_next_to_it_with_sunset_in_the_background_outdoors.jpg,https://upload.wikimedia.org/wikipedia/commons/c/c5/A_little_girl_with_a_dog_next_to_it_with_sunset_in_the_background_outdoors.jpg?utm_source=commons.wikimedia.org&utm_campaign=index&utm_content=original,CC-BY-2.0,https://creativecommons.org/licenses/by/2.0/deed.en,Shixart1985,JPEG,5016,3270,12467278,2026-08-18 12:44:56.917075+00:00
e7f6968cc6800cad65bd111c5fbb6d97dadf0fd5c982eda88fb0407b1e8b9380,dog,train,images/train/dog/e7f6968cc6800cad65bd111c5fbb6d97dadf0fd5c982eda88fb0407b1e8b9380.jpg,openverse,77b2d7e4-f4d4-4bb6-be05-537c15d3db65,https://www.flickr.com/photos/43881438@N00/52296110654,https://live.staticflickr.com/65535/52296110654_baa2cc72fa_b.jpg,CC-BY-SA-2.0,https://creativecommons.org/licenses/by-sa/2.0/,"""dog walking blues at sunset (in explore)"" by Vicky Brock is licensed under CC BY-SA 2.0. To view a copy of this license, visit https://creativecommons.org/licenses/by-sa/2.0/.",JPEG,1024,768,124150,2026-08-18 12:44:32.362027+00:00
f25ea2c076ea189e76bea0dcd210c78a0a6dd377cf967aa59f5475edcef788d5,dog,train,images/train/dog/f25ea2c076ea189e76bea0dcd210c78a0a6dd377cf967aa59f5475edcef788d5.jpg,wikimedia_commons,"https://commons.wikimedia.org/wiki/File:After_rescuing_a_man_on_Snowdon,_Mrs_Stephanie_McCarthy_established_a_rescue_service_using_Great_Dane_dogs_(1569359).jpg","https://commons.wikimedia.org/wiki/File:After_rescuing_a_man_on_Snowdon,_Mrs_Stephanie_McCarthy_established_a_rescue_service_using_Great_Dane_dogs_(1569359).jpg",https://upload.wikimedia.org/wikipedia/commons/3/39/After_rescuing_a_man_on_Snowdon%2C_Mrs_Stephanie_McCarthy_established_a_rescue_service_using_Great_Dane_dogs_%281569359%29.jpg?utm_source=commons.wikimedia.org&utm_campaign=index&utm_content=original,CC-BY-SA-4.0,https://creativecommons.org/licenses/by-sa/4.0/deed.en,"Geoff Charles (1909–2002) Description Welsh photographer and photojournalist Date of birth/death 28 January 1909 7 March 2002 Location of birth Brymbo Authority file : Q5534081 VIAF : 66195543 ISNI : 0000000044619391 LCCN : no2005004275 GND : 1201607027 WorldCat creator QS:P170,Q5534081",JPEG,1822,1200,404702,2026-08-18 12:44:58.890187+00:00
f764dcb52fb75479bc0b996e72d58a7ee2003603a271c9d690eb418d2ad418bf,dog,train,images/train/dog/f764dcb52fb75479bc0b996e72d58a7ee2003603a271c9d690eb418d2ad418bf.jpg,openverse,bb6cdef7-f3ef-4115-bfe9-cf2273d0870b,https://www.flickr.com/photos/82714141@N00/52340235037,https://live.staticflickr.com/65535/52340235037_17754e0f35_b.jpg,CC-BY-SA-2.0,https://creativecommons.org/licenses/by-sa/2.0/,"""Gamegoer Gun Dogs- Dorset County Show 2022"" by dorsetbays is licensed under CC BY-SA 2.0. To view a copy of this license, visit https://creativecommons.org/licenses/by-sa/2.0/.",JPEG,1024,640,217089,2026-08-18 12:44:32.832209+00:00
f84599a33839b4470dd65f8487a87367b062701efafe1fa87af3da3e387d4343,dog,train,images/train/dog/f84599a33839b4470dd65f8487a87367b062701efafe1fa87af3da3e387d4343.jpg,openverse,008e5376-8e1f-4632-a40c-28f911f04369,https://www.flickr.com/photos/95329455@N02/23342577914,https://live.staticflickr.com/1445/23342577914_e34d4e77ee_b.jpg,CC-BY-2.0,https://creativecommons.org/licenses/by/2.0/,"""Little boy riding a tricycle with his dog"" by simpleinsomnia is licensed under CC BY 2.0. To view a copy of this license, visit https://creativecommons.org/licenses/by/2.0/.",JPEG,776,1024,179190,2026-08-18 12:44:33.335884+00:00
fa3277a81e11f5312716942c4a9b6c7e9f34a79e441651fb382db23a787e7e28,dog,train,images/train/dog/fa3277a81e11f5312716942c4a9b6c7e9f34a79e441651fb382db23a787e7e28.jpg,wikimedia_commons,https://commons.wikimedia.org/wiki/File:Aloka_(dog).jpg,https://commons.wikimedia.org/wiki/File:Aloka_(dog).jpg,https://upload.wikimedia.org/wikipedia/commons/6/64/Aloka_%28dog%29.jpg?utm_source=commons.wikimedia.org&utm_campaign=index&utm_content=original,CC-BY-4.0,https://creativecommons.org/licenses/by/4.0/deed.en,Damitha K Tennakoon,JPEG,1606,2408,1689139,2026-08-18 12:45:00.395503+00:00
00f6eae1c622ea386d97c4c71f91e58cf7109641e7303ba8dafd4bfc23a476af,dog,val,images/val/dog/00f6eae1c622ea386d97c4c71f91e58cf7109641e7303ba8dafd4bfc23a476af.jpg,openverse,d15e04c4-f18b-44bb-af42-a4dbda666eda,https://www.flickr.com/photos/64607715@N05/49615935327,https://live.staticflickr.com/65535/49615935327_4baf45ceec_b.jpg,CC-BY-SA-2.0,https://creativecommons.org/licenses/by-sa/2.0/,"""Street Dog Trouble"" by Rod Waddington is licensed under CC BY-SA 2.0. To view a copy of this license, visit https://creativecommons.org/licenses/by-sa/2.0/.",JPEG,690,1024,221619,2026-08-18 12:44:31.946041+00:00
592eb6d2a30823d37daac87b9516cd87f122e8be7ddae5affaf556b9d8da3272,dog,val,images/val/dog/592eb6d2a30823d37daac87b9516cd87f122e8be7ddae5affaf556b9d8da3272.jpg,openverse,a5831f92-ce9a-4f65-8cf0-782b199bcac9,https://www.flickr.com/photos/51149373@N08/51632852775,https://live.staticflickr.com/65535/51632852775_706e82a8c8_b.jpg,PDM-1.0,https://creativecommons.org/publicdomain/mark/1.0/,"""Her dog’s favourite place"" by fromfarbeyond is marked with Public Domain Mark 1.0. To view the terms, visit https://creativecommons.org/publicdomain/mark/1.0/.",JPEG,1024,1024,374581,2026-08-18 12:44:32.362075+00:00
6ed6fedb22107231f1dda245c4ce416d49216b24322243f4a4c15ec74dce0d04,dog,val,images/val/dog/6ed6fedb22107231f1dda245c4ce416d49216b24322243f4a4c15ec74dce0d04.jpg,openverse,01bc3b55-49fb-4772-8a8f-d8f0b8a86296,https://www.flickr.com/photos/74824249@N03/52495566433,https://live.staticflickr.com/65535/52495566433_a110941bf4_b.jpg,CC-BY-2.0,https://creativecommons.org/licenses/by/2.0/,"""Chance the dog - Explore November 13, 2022"" by Dog Light Photography is licensed under CC BY 2.0. To view a copy of this license, visit https://creativecommons.org/licenses/by/2.0/.",JPEG,683,1024,164692,2026-08-18 12:44:31.446617+00:00
8abe6c8baf03db78de16b8854ca6a556d4659a7402caecb37acff6275d37337d,dog,val,images/val/dog/8abe6c8baf03db78de16b8854ca6a556d4659a7402caecb37acff6275d37337d.jpg,wikimedia_commons,https://commons.wikimedia.org/wiki/File:7-1-1000x680.jpg,https://commons.wikimedia.org/wiki/File:7-1-1000x680.jpg,https://upload.wikimedia.org/wikipedia/commons/4/46/7-1-1000x680.jpg?utm_source=commons.wikimedia.org&utm_campaign=index&utm_content=original,CC0-1.0,https://creativecommons.org/publicdomain/zero/1.0/deed.en,Brook Hsu,JPEG,1000,680,116687,2026-08-18 12:44:53.387936+00:00
90cad484d327bae8596a4a1cd02f9e30e6da214b4739b99d6077745b589bc117,dog,val,images/val/dog/90cad484d327bae8596a4a1cd02f9e30e6da214b4739b99d6077745b589bc117.jpg,openverse,3372920f-5a80-4fb4-b8fe-86ea234e71ff,https://www.flickr.com/photos/99058495@N00/29774316426,https://live.staticflickr.com/8505/29774316426_6c2017e54b_b.jpg,CC-BY-SA-2.0,https://creativecommons.org/licenses/by-sa/2.0/,"""legs and dog"" by Mario A. P. is licensed under CC BY-SA 2.0. To view a copy of this license, visit https://creativecommons.org/licenses/by-sa/2.0/.",JPEG,710,1024,206951,2026-08-18 12:44:31.446698+00:00
a9d29b3b19c90dfc171430716ee244228208574536e2707fe166c054dee25de3,dog,val,images/val/dog/a9d29b3b19c90dfc171430716ee244228208574536e2707fe166c054dee25de3.jpg,openverse,bc7ea164-3a55-4805-b10f-5280c163019e,https://www.flickr.com/photos/74824249@N03/51786230429,https://live.staticflickr.com/65535/51786230429_3fd6077440_b.jpg,CC-BY-2.0,https://creativecommons.org/licenses/by/2.0/,"""Dog posing for a photo shoot - Explore Photo December 31, 2021."" by Dog Light Photography is licensed under CC BY 2.0. To view a copy of this license, visit https://creativecommons.org/licenses/by/2.0/.",JPEG,683,1024,124734,2026-08-18 12:44:32.362035+00:00
cb186fe1ae9f81d8b151c601a6b51d01924d9f0b9f7a547b79c5477dfb5d11c7,dog,val,images/val/dog/cb186fe1ae9f81d8b151c601a6b51d01924d9f0b9f7a547b79c5477dfb5d11c7.jpg,wikimedia_commons,https://commons.wikimedia.org/wiki/File:230705_NVWG_PORTLAND_0310_(53025872325).jpg,https://commons.wikimedia.org/wiki/File:230705_NVWG_PORTLAND_0310_(53025872325).jpg,https://upload.wikimedia.org/wikipedia/commons/3/31/230705_NVWG_PORTLAND_0310_%2853025872325%29.jpg?utm_source=commons.wikimedia.org&utm_campaign=index&utm_content=original,PDM-1.0,,U.S. Department of Veterans Affairs,JPEG,2898,1632,4651705,2026-08-18 12:44:51.902794+00:00
d1fa02a444c41cce58b8d6b4dd96fdf1b7a2fa4e4f00d56b9b9ce8792b6b5285,dog,val,images/val/dog/d1fa02a444c41cce58b8d6b4dd96fdf1b7a2fa4e4f00d56b9b9ce8792b6b5285.jpg,openverse,9b58cda8-b5ac-4e92-be3f-7b89454aac2e,https://www.flickr.com/photos/65695019@N07/52136980957,https://live.staticflickr.com/65535/52136980957_962bbe37bd_b.jpg,CC-BY-SA-2.0,https://creativecommons.org/licenses/by-sa/2.0/,"""African Wild Dog (Lycaon pictus)"" by Bernard DUPONT is licensed under CC BY-SA 2.0. To view a copy of this license, visit https://creativecommons.org/licenses/by-sa/2.0/.",JPEG,1024,826,296481,2026-08-18 12:44:31.946113+00:00
d2633430e03667d077d965ea308484b3bcf1e2ad46fb408b5fc788fc4c4908d5,dog,val,images/val/dog/d2633430e03667d077d965ea308484b3bcf1e2ad46fb408b5fc788fc4c4908d5.jpg,wikimedia_commons,https://commons.wikimedia.org/wiki/File:5PTF_Tudora.jpg,https://commons.wikimedia.org/wiki/File:5PTF_Tudora.jpg,https://upload.wikimedia.org/wikipedia/commons/e/e1/5PTF_Tudora.jpg?utm_source=commons.wikimedia.org&utm_campaign=index&utm_content=original,CC-BY-SA-4.0,https://creativecommons.org/licenses/by-sa/4.0/deed.en,Вранчан,JPEG,1000,667,575064,2026-08-18 12:44:52.905840+00:00
e2fc9f08ed99ef45feef23512bc6c16ea74f1752876a6fc531aeb8d2c1d0553c,dog,val,images/val/dog/e2fc9f08ed99ef45feef23512bc6c16ea74f1752876a6fc531aeb8d2c1d0553c.jpg,openverse,12686df1-0ca3-4d5c-a307-7bf658f58128,https://www.flickr.com/photos/56218409@N03/52470504109,https://live.staticflickr.com/65535/52470504109_a49a14dfbf_b.jpg,CC-BY-2.0,https://creativecommons.org/licenses/by/2.0/,"""Low-flying dog"" by matthias.ripp is licensed under CC BY 2.0. To view a copy of this license, visit https://creativecommons.org/licenses/by/2.0/.",JPEG,737,1024,90138,2026-08-18 12:44:31.946009+00:00
e81a93eb5f848387d0accff71b307dfad6a77b6ed647e8f210001844f5d797ae,dog,val,images/val/dog/e81a93eb5f848387d0accff71b307dfad6a77b6ed647e8f210001844f5d797ae.jpg,openverse,f81ded09-b699-4e8f-a57b-da3f870c4311,https://www.flickr.com/photos/34128007@N04/15220728729,https://live.staticflickr.com/3931/15220728729_4ec43890db_b.jpg,CC-BY-2.0,https://creativecommons.org/licenses/by/2.0/,"""Morning Walk with the dog"" by Thank You (23 Millions+) views is licensed under CC BY 2.0. To view a copy of this license, visit https://creativecommons.org/licenses/by/2.0/.",JPEG,683,1024,182981,2026-08-18 12:44:33.335903+00:00
f599f8ca69f8a6273a9644b5528cd0b8ad268a8d772d945d136c6b96cd15e1c5,dog,val,images/val/dog/f599f8ca69f8a6273a9644b5528cd0b8ad268a8d772d945d136c6b96cd15e1c5.jpg,openverse,55650fc0-c8f0-4ed5-b10a-28ffa356b8d1,https://www.flickr.com/photos/189561381@N07/51978405193,https://live.staticflickr.com/65535/51978405193_466cbb4e36_b.jpg,CC-BY-2.0,https://creativecommons.org/licenses/by/2.0/,"""Bear Dog #27"" by claralieu is licensed under CC BY 2.0. To view a copy of this license, visit https://creativecommons.org/licenses/by/2.0/.",JPEG,1024,857,333149,2026-08-18 12:44:32.362054+00:00
